name,department,positions,position_id,start_date_year,start_date_month,end_date_year,end_date_month,position_convert
刘伯承,中国人民解放军总参谋部,总参谋长,201,1930,5,1931,1,
朱云卿,中国人民解放军总参谋部,总参谋长,201,1931,1,1931,5,
郭化若,中国人民解放军总参谋部,总参谋长,201,1931,5,1931,11,
叶剑英,中国人民解放军总参谋部,总参谋长,201,1931,11,1934,2,
刘伯承,中国人民解放军总参谋部,总参谋长,201,1934,2,1935,11,
叶剑英,中国人民解放军总参谋部,总参谋长,201,1935,11,1936,12,
刘伯承,中国人民解放军总参谋部,总参谋长,201,1936,12,1937,8,
萧劲光,中国人民解放军总参谋部,总参谋长,201,1937,8,1938,1,
滕代远,中国人民解放军总参谋部,总参谋长,201,1938,1,1940,5,
王若飞,中国人民解放军总参谋部,总参谋长,201,1940,5,1941,2,
叶剑英,中国人民解放军总参谋部,总参谋长,201,1941,2,1945,6,
彭德怀,中国人民解放军总参谋部,总参谋长,201,1945,6,1947,3,
周恩来,中国人民解放军总参谋部,总参谋长,201,1947,3,1949,10,
徐向前,中国人民解放军总参谋部,总参谋长,201,1949,10,1954,10,
粟裕,中国人民解放军总参谋部,总参谋长,201,1954,10,1958,10,
黄克诚,中国人民解放军总参谋部,总参谋长,201,1958,10,1959,9,
罗瑞卿,中国人民解放军总参谋部,总参谋长,201,1959,9,1965,12,
杨成武,中国人民解放军总参谋部,总参谋长,201,1965,12,1968,3,
黄永胜,中国人民解放军总参谋部,总参谋长,201,1968,3,1971,9,
邓小平,中国人民解放军总参谋部,总参谋长,201,1975,1,1976,4,
邓小平,中国人民解放军总参谋部,总参谋长,201,1977,7,1980,3,
杨得志,中国人民解放军总参谋部,总参谋长,201,1980,3,1987,11,
迟浩田,中国人民解放军总参谋部,总参谋长,201,1987,11,1992,11,
张万年,中国人民解放军总参谋部,总参谋长,201,1992,11,1995,9,
傅全有,中国人民解放军总参谋部,总参谋长,201,1995,9,2002,11,
梁光烈,中国人民解放军总参谋部,总参谋长,201,2002,11,2007,9,
陈炳德,中国人民解放军总参谋部,总参谋长,201,2007,9,2012,10,
房峰辉,中国人民解放军总参谋部,总参谋长,201,2012,10,2016,1,
房峰辉,中央军委联合参谋部,参谋长,201,2015,11,2017,8,
李作成,中央军委联合参谋部,参谋长,201,2017,8,,,
张宗逊,中国人民解放军总参谋部,副总参谋长,202,1954,10,1969,12,
李克农,中国人民解放军总参谋部,副总参谋长,202,1954,10,1962,29,
陈赓,中国人民解放军总参谋部,副总参谋长,202,1954,10,1959,10,
王震,中国人民解放军总参谋部,副总参谋长,202,1954,10,1959,10,
许世友,中国人民解放军总参谋部,副总参谋长,202,1954,10,1959,10,
邓华,中国人民解放军总参谋部,副总参谋长,202,1954,10,1959,91,
彭绍辉,中国人民解放军总参谋部,副总参谋长,202,1954,10,1967,81,
彭绍辉,中国人民解放军总参谋部,副总参谋长,202,1969,81,1978,42,
张爱萍,中国人民解放军总参谋部,副总参谋长,202,1954,10,1967,81,
张爱萍,中国人民解放军总参谋部,副总参谋长,202,1977,91,1982,11,
杨成武,中国人民解放军总参谋部,副总参谋长,202,1954,10,1965,12,
杨成武,中国人民解放军总参谋部,副总参谋长,202,1974,11,1980,11,
韩先楚,中国人民解放军总参谋部,副总参谋长,202,1954,10,1960,12,
杨勇,中国人民解放军总参谋部,副总参谋长,202,1959,10,1960,12,
杨勇,中国人民解放军总参谋部,副总参谋长,202,1977,91,1983,16,
李天佑,中国人民解放军总参谋部,副总参谋长,202,1962,91,1970,92,
王新亭,中国人民解放军总参谋部,副总参谋长,202,1963,91,1972,10,
温玉成,中国人民解放军总参谋部,副总参谋长,202,1967,11,1970,64,
吴法宪,中国人民解放军总参谋部,副总参谋长,202,1967,12,1971,92,
李作鹏,中国人民解放军总参谋部,副总参谋长,202,1968,10,1971,92,
邱会作,中国人民解放军总参谋部,副总参谋长,202,1968,10,1971,92,
阎仲川,中国人民解放军总参谋部,副总参谋长,202,1969,59,1971,10,
陈继德,中国人民解放军总参谋部,副总参谋长,202,1970,74,1972,12,
张才千,中国人民解放军总参谋部,副总参谋长,202,1971,47,1980,11,
向仲华,中国人民解放军总参谋部,副总参谋长,202,1971,47,1980,11,
李达,中国人民解放军总参谋部,副总参谋长,202,1972,10,1980,11,
王尚荣,中国人民解放军总参谋部,副总参谋长,202,1974,11,1980,11,
胡炜,中国人民解放军总参谋部,副总参谋长,202,1974,11,1977,29,
何正文,中国人民解放军总参谋部,副总参谋长,202,1974,11,1985,39,
伍修权,中国人民解放军总参谋部,副总参谋长,202,1975,41,1982,12,
王诤,中国人民解放军总参谋部,副总参谋长,202,1977,47,1978,81,
迟浩田,中国人民解放军总参谋部,副总参谋长,202,1977,10,1982,12,
张震,中国人民解放军总参谋部,副总参谋长,202,1980,11,1985,39,
刘华清,中国人民解放军总参谋部,副总参谋长,202,1980,11,1982,82,
徐信,中国人民解放军总参谋部,副总参谋长,202,1982,12,1992,10,
徐惠滋,中国人民解放军总参谋部,副总参谋长,202,1985,39,1995,73,
何其宗,中国人民解放军总参谋部,副总参谋长,202,1985,39,1992,10,
韩怀智,中国人民解放军总参谋部,副总参谋长,202,1985,54,1992,10,
李景,中国人民解放军总参谋部,副总参谋长,202,1992,11,1995,72,
曹刚川,中国人民解放军总参谋部,副总参谋长,202,1992,11,1996,12,
隗福临,中国人民解放军总参谋部,副总参谋长,202,1995,72,2003,1,
吴铨叙,中国人民解放军总参谋部,副总参谋长,202,1995,72,2004,61,
钱树根,中国人民解放军总参谋部,副总参谋长,202,1995,72,2004,61,
熊光楷,中国人民解放军总参谋部,副总参谋长,202,1996,11,2005,12,
郭伯雄,中国人民解放军总参谋部,副总参谋长,202,1999,93,2002,11,
张黎,中国人民解放军总参谋部,副总参谋长,202,2000,61,2008,12,
葛振峰,中国人民解放军总参谋部,副总参谋长,202,2002,10,2010,22,
许其亮,中国人民解放军总参谋部,副总参谋长,202,2004,61,2007,96,
吴胜利,中国人民解放军总参谋部,副总参谋长,202,2004,61,2006,81,
章沁生,中国人民解放军总参谋部,副总参谋长,202,2006,12,2007,62,
章沁生,中国人民解放军总参谋部,副总参谋长,202,2009,12,2013,35,
刘镇武,中国人民解放军总参谋部,副总参谋长,202,2007,62,2009,7,
马晓天,中国人民解放军总参谋部,副总参谋长,202,2007,96,2012,10,
孙建国,中国人民解放军总参谋部,副总参谋长,202,2008,12,2016,1,
侯树森,中国人民解放军总参谋部,副总参谋长,202,2009,7,2014,10,
魏凤和,中国人民解放军总参谋部,副总参谋长,202,2010,12,2012,10,
蔡英挺,中国人民解放军总参谋部,副总参谋长,202,2011,7,2012,10,
王冠中,中国人民解放军总参谋部,副总参谋长,202,2012,10,2016,1,
戚建国,中国人民解放军总参谋部,副总参谋长,202,2012,10,2016,1,
王宁,中国人民解放军总参谋部,副总参谋长,202,2013,6,2014,12,
乙晓光,中国人民解放军总参谋部,副总参谋长,202,2014,7,2016,1,
王建平,中国人民解放军总参谋部,副总参谋长,202,2014,12,2016,1,
孙建国,中央军委联合参谋部,副参谋长,202,2015,11,2017,1,1
戚建国,中央军委联合参谋部,副参谋长,202,2015,11,2017,1,1
乙晓光,中央军委联合参谋部,副参谋长,202,2015,11,2017,8,1
王建平,中央军委联合参谋部,副参谋长,202,2015,11,2016,8,1
徐粉林,中央军委联合参谋部,副参谋长,202,2015,11,2017,1,
王冠中,中央军委联合参谋部,副参谋长,202,2015,11,2017,1,1
马宜明,中央军委联合参谋部,副参谋长,202,2017,1,,,
邵元明,中央军委联合参谋部,副参谋长,202,2017,1,,,
常丁求,中央军委联合参谋部,副参谋长,202,2018,7,,,
范树德,中国人民解放军总后勤部,部长,301,1930,5,1932,9,
杨立三,中国人民解放军总后勤部,部长,301,1932,9,1934,2,
杨至成,中国人民解放军总后勤部,部长,301,1934,2,1934,4,
叶季壮,中国人民解放军总后勤部,部长,301,1934,4,1935,6,
林伯渠,中国人民解放军总后勤部,部长,301,1935,6,1935,11,
叶季壮,中国人民解放军总后勤部,部长,301,1935,11,1937,8,
叶季壮,中国人民解放军总后勤部,部长,301,1939,6,1940,,
杨立三,中国人民解放军总后勤部,部长,301,1940,,1949,11,
黄克诚,中国人民解放军总后勤部,部长,301,1952,10,1954,10,
黄克诚,中国人民解放军总后勤部,部长,301,1954,11,1956,12,
洪学智,中国人民解放军总后勤部,部长,301,1956,12,1959,10,
邱会作,中国人民解放军总后勤部,部长,301,1959,10,1960,10,
邱会作,中国人民解放军总后勤部,部长,301,1960,10,1971,92,
张宗逊,中国人民解放军总后勤部,部长,301,1973,62,1978,22,
张震,中国人民解放军总后勤部,部长,301,1978,22,1980,11,
洪学智,中国人民解放军总后勤部,部长,301,1980,11,1987,11,
赵南起,中国人民解放军总后勤部,部长,301,1987,11,1992,10,
傅全有,中国人民解放军总后勤部,部长,301,1992,10,1995,93,
王克,中国人民解放军总后勤部,部长,301,1995,93,2002,11,
廖锡龙,中国人民解放军总后勤部,部长,301,2002,11,2012,,
赵克石,中央军委后勤保障部,部长,301,2012,,2015,11,
宋普选,中央军委后勤保障部,部长,301,2015,11,2019,3,
高津,中央军委后勤保障部,部长,301,2019,3,,,
贺诚,中国人民解放军总后勤部,副部长,302,1949,11,1953,71,
张令彬,中国人民解放军总后勤部,副部长,302,1949,11,1982,12,
宋裕和,中国人民解放军总后勤部,副部长,302,1950,11,1952,10,
杨立三,中国人民解放军总后勤部,副部长,302,1952,10,1953,11,
周纯全,中国人民解放军总后勤部,副部长,302,1953,10,1954,10,
洪学智,中国人民解放军总后勤部,副部长,302,1954,22,1957,51,
邱会作,中国人民解放军总后勤部,副部长,302,1954,10,1959,10,
饶正锡,中国人民解放军总后勤部,副部长,302,1957,41,1957,41,
唐天际,中国人民解放军总后勤部,副部长,302,1957,51,1963,12,
张贤约,中国人民解放军总后勤部,副部长,302,1957,51,1975,83,
周玉成,中国人民解放军总后勤部,副部长,302,1960,11,1965,62,
张池明,中国人民解放军总后勤部,副部长,302,1962,10,1967,71,
汤平,中国人民解放军总后勤部,副部长,302,1962,10,1968,12,
韩振纪,中国人民解放军总后勤部,副部长,302,1962,10,1965,79,
张天云,中国人民解放军总后勤部,副部长,302,1964,32,1975,83,
陈庞,中国人民解放军总后勤部,副部长,302,1969,92,1971,93,
王希克,中国人民解放军总后勤部,副部长,302,1969,92,1971,93,
伊文,中国人民解放军总后勤部,副部长,302,1969,92,1971,93,
封永顺,中国人民解放军总后勤部,副部长,302,1969,92,1980,52,
张明远,中国人民解放军总后勤部,副部长,302,1969,92,1971,93,
严俊,中国人民解放军总后勤部,副部长,302,1969,92,1971,93,
丁先国,中国人民解放军总后勤部,副部长,302,1970,12,1971,93,
邱创成,中国人民解放军总后勤部,副部长,302,1970,12,1976,2,
徐斌,中国人民解放军总后勤部,副部长,302,1973,86,1975,83,
张汝光,中国人民解放军总后勤部,副部长,302,1973,86,1982,12,
詹海英,中国人民解放军总后勤部,副部长,302,1973,86,1975,83,
孙洪珍,中国人民解放军总后勤部,副部长,302,1973,86,1980,52,
栾学文,中国人民解放军总后勤部,副部长,302,1973,86,1975,83,
白相国,中国人民解放军总后勤部,副部长,302,1973,10,1975,83,
贺诚,中国人民解放军总后勤部,副部长,302,1975,52,1982,12,
饶正锡,中国人民解放军总后勤部,副部长,302,1975,81,1975,83,
张震,中国人民解放军总后勤部,副部长,302,1975,83,1978,22,
张元培,中国人民解放军总后勤部,副部长,302,1975,83,1981,10,
李元,中国人民解放军总后勤部,副部长,302,1975,83,1985,39,
邱创成,中国人民解放军总后勤部,副部长,302,1976,10,1982,22,
饶正锡,中国人民解放军总后勤部,副部长,302,1977,12,1982,12,
张贤约,中国人民解放军总后勤部,副部长,302,1977,12,1982,12,
贺彪,中国人民解放军总后勤部,副部长,302,1977,12,1982,12,
范子瑜,中国人民解放军总后勤部,副部长,302,1977,12,1982,12,
胥光义,中国人民解放军总后勤部,副部长,302,1980,52,1985,39,
王政柱,中国人民解放军总后勤部,副部长,302,1980,12,1982,12,
白相国,中国人民解放军总后勤部,副部长,302,1982,12,1985,39,
张祥,中国人民解放军总后勤部,副部长,302,1982,12,1985,39,
赵南起,中国人民解放军总后勤部,副部长,302,1985,39,1987,11,
刘明璞,中国人民解放军总后勤部,副部长,302,1985,39,1994,12,
张彬,中国人民解放军总后勤部,副部长,302,1985,39,1994,12,
宗顺留,中国人民解放军总后勤部,副部长,302,1985,39,1990,41,
李伦,中国人民解放军总后勤部,副部长,302,1989,61,1993,12,
李九龙,中国人民解放军总后勤部,副部长,302,1990,41,1991,92,
王太岚,中国人民解放军总后勤部,副部长,302,1992,11,2002,6,
周友良,中国人民解放军总后勤部,副部长,302,1993,12,2003,12,
沈滨义,中国人民解放军总后勤部,副部长,302,1994,12,1999,12,
左建昌,中国人民解放军总后勤部,副部长,302,1994,12,1999,12,
温光春,中国人民解放军总后勤部,副部长,302,1996,78,2004,12,
孙志强,中国人民解放军总后勤部,副部长,302,1999,12,2007,12,
苏书岩,中国人民解放军总后勤部,副部长,302,1999,12,2005,12,
王谦,中国人民解放军总后勤部,副部长,302,2002,18,2009,6,
谭悦新,中国人民解放军总后勤部,副部长,302,2003,12,2004,12,
李买富,中国人民解放军总后勤部,副部长,302,2005,12,2009,12,
丁继业,中国人民解放军总后勤部,副部长,302,2007,12,2012,12,
秦银河,中国人民解放军总后勤部,副部长,302,2007,12,2014,12,
谷俊山,中国人民解放军总后勤部,副部长,302,2009,12,2012,1,
孙黄田,中国人民解放军总后勤部,副部长,302,2012,7,2015,,
刘铮,中国人民解放军总后勤部,副部长,302,2012,12,2014,11,
周松和,中国人民解放军总后勤部,副部长,302,2014,12,,,
李书章,中国人民解放军总后勤部,副部长,302,2014,12,2015,,
李书章,中央军委后勤保障部,副部长,302,2015,,2017,,1
孙黄田,中央军委后勤保障部,副部长,302,2015,,2017,,1
刘生杰,中央军委后勤保障部,副部长,302,2015,,2017,,
钱毅平,中央军委后勤保障部,副部长,302,2016,,,,
李清杰,中央军委后勤保障部,副部长,302,2017,,,,
王大忠,中央军委后勤保障部,副部长,302,2018,5,,,
黄克诚,中国人民解放军总后勤部,政治委员,303,1954,11,1957,11,
余秋里,中国人民解放军总后勤部,政治委员,303,1957,11,1958,37,
李聚奎,中国人民解放军总后勤部,政治委员,303,1958,37,1960,10,
李聚奎,中国人民解放军总后勤部,政治委员,303,1960,10,1966,4,
张池明,中国人民解放军总后勤部,政治委员,303,1967,71,1975,83,
郭林祥,中国人民解放军总后勤部,政治委员,303,1973,86,1975,83,
王平,中国人民解放军总后勤部,政治委员,303,1977,12,1985,39,
洪学智,中国人民解放军总后勤部,政治委员,303,1985,39,1987,11,
刘安元,中国人民解放军总后勤部,政治委员,303,1987,11,1990,41,
周克玉,中国人民解放军总后勤部,政治委员,303,1990,41,1995,72,
周坤仁,中国人民解放军总后勤部,政治委员,303,1995,72,2002,10,
张文台,中国人民解放军总后勤部,政治委员,303,2002,10,2005,78,
孙大发,中国人民解放军总后勤部,政治委员,303,2005,78,2010,12,
刘源,中国人民解放军总后勤部,政治委员,303,2010,12,2015,12,
张升民,中央军事委员会后勤保障部,政治委员,303,2016,7,2017,1,
张书国,中央军事委员会后勤保障部,政治委员,303,2017,1,2018,8,
曹刚川,中国人民解放军总装备部,部长,401,1998,4,2002,11,
李继耐,中国人民解放军总装备部,部长,401,2002,11,2004,9,
陈炳德,中国人民解放军总装备部,部长,401,2004,9,2007,9,
常万全,中国人民解放军总装备部,部长,401,2007,9,2012,10,
张又侠,中国人民解放军总装备部,部长,401,2012,10,2015,11,
张又侠,中央军委装备发展部,部长,401,2015,11,2017,8,1
李尚福,中央军委装备发展部,部长,401,2017,8,,,
陈达植,中国人民解放军总装备部,副部长,402,1998,8,2002,1,
李元正,中国人民解放军总装备部,副部长,402,1998,8,2003,7,
胡世祥,中国人民解放军总装备部,副部长,402,1998,8,2004,7,
肖贞堂,中国人民解放军总装备部,副部长,402,1998,8,2002,1,
李安东,中国人民解放军总装备部,副部长,402,2001,7,,,
楚鸿彦,中国人民解放军总装备部,副部长,402,2002,1,2005,12,
张诗明,中国人民解放军总装备部,副部长,402,2002,1,2008,1,
朱发忠,中国人民解放军总装备部,副部长,402,2002,1,,,
张建启,中国人民解放军总装备部,副部长,402,2004,7,2009,6,
韩延林,中国人民解放军总装备部,副部长,402,2007,12,2010,12,
牛红光,中国人民解放军总装备部,副部长,402,2009,6,,,
刘胜,中国人民解放军总装备部,副部长,402,2009,12,2015,11,
刘国治,中国人民解放军总装备部,副部长,402,2010,12,,,
张育林,中国人民解放军总装备部,副部长,402,2011,7,2015,11,
王力,中国人民解放军总装备部,副部长,402,2014,7,2015,11,
李尚福,中国人民解放军总装备部,副部长,402,2015,1,2015,11,
张育林,中央军委装备发展部,副部长,402,2015,11,2018,10,1
刘胜,中央军委装备发展部,副部长,402,2015,11,2019,,1
王力,中央军委装备发展部,副部长,402,2015,11,2018,3,1
冯丹宇,中央军委装备发展部,副部长,402,2016,,2017,8,
王兆耀,中央军委装备发展部,副部长,402,2018,10,,,
钱卫平,中央军委装备发展部,副部长,402,2018,12,2019,7,
李继耐,中国人民解放军总装备部,政治委员,403,1998,4,2002,11,
迟万春,中国人民解放军总装备部,政治委员,403,2002,11,2011,7,
王洪尧,中国人民解放军总装备部,政治委员,403,2011,7,2015,11,
王洪尧,中央军委装备发展部,政治委员,403,2015,11,2017,1,1
安兆庆,中央军委装备发展部,政治委员,403,2017,1,2019,4,
朱增泉,中国人民解放军总装备部,副政治委员,404,1998,8,2003,12,
李栋恒,中国人民解放军总装备部,副政治委员,404,2003,12,2006,8,
黄作兴,中国人民解放军总装备部,副政治委员,404,2006,8,2011,12,
王家胜,中国人民解放军总装备部,副政治委员,404,2011,12,2014,12,
柴绍良,中国人民解放军总装备部,副政治委员,404,2014,12,2015,11,
刘亚楼,中国人民解放军空军,司令员,501,1949,10,1965,5,
吴法宪,中国人民解放军空军,司令员,501,1965,5,1971,9,
马宁,中国人民解放军空军,司令员,501,1973,5,1977,2,
张廷发,中国人民解放军空军,司令员,501,1977,4,1985,7,
王海（1）,中国人民解放军空军,司令员,501,1985,7,1992,11,
曹双明,中国人民解放军空军,司令员,501,1992,11,1994,10,
于振武,中国人民解放军空军,司令员,501,1994,10,1996,11,
刘顺尧,中国人民解放军空军,司令员,501,1996,11,2002,5,
乔清晨,中国人民解放军空军,司令员,501,2002,5,2007,9,
许其亮,中国人民解放军空军,司令员,501,2007,9,2012,10,
马晓天,中国人民解放军空军,司令员,501,2012,10,2017,8,
丁来杭,中国人民解放军空军,司令员,501,2017,8,,,
常乾坤,中国人民解放军空军,副司令员,502,1949,11,1973,5,
王弼,中国人民解放军空军,副司令员,502,1950,12,1951,5,
王秉璋,中国人民解放军空军,副司令员,502,1953,2,1971,9,
刘震,中国人民解放军空军,副司令员,502,1954,2,1966,9,
徐深吉,中国人民解放军空军,副司令员,502,1955,3,1967,10,
曹里怀,中国人民解放军空军,副司令员,502,1956,6,1982,11,
成钧,中国人民解放军空军,副司令员,502,1957,8,1982,11,
谭家述,中国人民解放军空军,副司令员,502,1957,8,1973,5,
薛少卿,中国人民解放军空军,副司令员,502,1960,11,1975,8,
张廷发,中国人民解放军空军,副司令员,502,1962,3,1975,10,
邝任农,中国人民解放军空军,副司令员,502,1962,6,1975,8,
罗元发,中国人民解放军空军,副司令员,502,1968,9,1973,5,
曾国华,中国人民解放军空军,副司令员,502,1968,12,1971,9,
邹炎,中国人民解放军空军,副司令员,502,1973,5,1977,2,
张积慧,中国人民解放军空军,副司令员,502,1973,5,1978,7,
吴富善,中国人民解放军空军,副司令员,502,1975,10,1982,11,
何廷一,中国人民解放军空军,副司令员,502,1975,10,1985,7,
王定烈,中国人民解放军空军,副司令员,502,1982,11,1985,7,
王海（1）,中国人民解放军空军,副司令员,502,1982,11,1985,7,
李永泰,中国人民解放军空军,副司令员,502,1982,11,1993,12,
于振武,中国人民解放军空军,副司令员,502,1985,7,1994,10,
林虎,中国人民解放军空军,副司令员,502,1985,9,1994,10,
刘志田,中国人民解放军空军,副司令员,502,1987,9,1992,11,
杨振玉,中国人民解放军空军,副司令员,502,1993,1,1994,10,
景学勤,中国人民解放军空军,副司令员,502,1993,12,2003,7,
刘顺尧,中国人民解放军空军,副司令员,502,1994,10,1996,11,
辛殿枫,中国人民解放军空军,副司令员,502,1994,10,1996,12,
吴光宇,中国人民解放军空军,副司令员,502,1994,10,2003,7,
王良旺,中国人民解放军空军,副司令员,502,1996,11,2003,7,
乔清晨,中国人民解放军空军,副司令员,502,1997,11,1999,1,
李永德,中国人民解放军空军,副司令员,502,1999,1,2004,12,
马殿圣,中国人民解放军空军,副司令员,502,1999,1,1999,12,
马晓天,中国人民解放军空军,副司令员,502,2003,7,2006,8,
汪超群,中国人民解放军空军,副司令员,502,2003,7,2005,12,
李买富,中国人民解放军空军,副司令员,502,2003,7,2005,12,
刘成军,中国人民解放军空军,副司令员,502,2004,12,2007,9,
何为荣,中国人民解放军空军,副司令员,502,2005,12,2012,12,
杨东明,中国人民解放军空军,副司令员,502,2005,12,2012,12,
景文春,中国人民解放军空军,副司令员,502,2006,8,2012,6,
赵忠新,中国人民解放军空军,副司令员,502,2007,10,2012,12,
陈小工,中国人民解放军空军,副司令员,502,2009,1,2012,12,
周来强,中国人民解放军空军,副司令员,502,2012,6,2012,12,
张建平,中国人民解放军空军,副司令员,502,2012,12,2017,12,
张洪贺,中国人民解放军空军,副司令员,502,2012,12,2017,12,
陈东,中国人民解放军空军,副司令员,502,2012,12,2018,12,
郑群良,中国人民解放军空军,副司令员,502,2013,7,2017,1,
麻振军,中国人民解放军空军,副司令员,502,2017,12,,,
徐安祥,中国人民解放军空军,副司令员,502,2017,12,,,
郑元林,中国人民解放军空军,副司令员,502,2018,12,,, 
萧华,中国人民解放军空军,政治委员,503,1949,10,1950,4,
吴法宪,中国人民解放军空军,政治委员,503,1957,2,1965,5,
余立金,中国人民解放军空军,政治委员,503,1965,5,1968,3,
王辉球,中国人民解放军空军,政治委员,503,1968,9,1973,5,
傅传作,中国人民解放军空军,政治委员,503,1973,5,1975,10,
张廷发,中国人民解放军空军,政治委员,503,1975,10,1977,4,
余立金,中国人民解放军空军,政治委员,503,1975,8,1978,12,
高厚良,中国人民解放军空军,政治委员,503,1977,4,1985,7,
朱光,中国人民解放军空军,政治委员,503,1985,7,1992,11,
丁文昌,中国人民解放军空军,政治委员,503,1992,11,1999,1,
乔清晨,中国人民解放军空军,政治委员,503,1999,1,2002,5,
邓昌友,中国人民解放军空军,政治委员,503,2002,5,2012,10,
田修思,中国人民解放军空军,政治委员,503,2012,10,2015,7,
于忠福,中国人民解放军空军,政治委员,503,2015,7,,,
王弼,中国人民解放军空军,副政治委员,504,1949,11,1950,12,
吴法宪,中国人民解放军空军,副政治委员,504,1950,4,1957,2,
王辉球,中国人民解放军空军,副政治委员,504,1960,3,1968,9,
余立金,中国人民解放军空军,副政治委员,504,1960,3,1965,5,
高厚良,中国人民解放军空军,副政治委员,504,1973,5,1977,4,
杜玉福,中国人民解放军空军,副政治委员,504,1973,5,1975,10,
黄立清,中国人民解放军空军,副政治委员,504,1975,5,1982,11,
旷伏兆,中国人民解放军空军,副政治委员,504,1975,10,1978,5,
刘世昌,中国人民解放军空军,副政治委员,504,1978,1,1985,7,
刘钊,中国人民解放军空军,副政治委员,504,1983,5,1985,7,
高兴民,中国人民解放军空军,副政治委员,504,1985,9,1993,12,
许乐夫,中国人民解放军空军,副政治委员,504,1988,2,1990,4,
杨英昌,中国人民解放军空军,副政治委员,504,1992,11,1997,11,
陈潜,中国人民解放军空军,副政治委员,504,1993,1,1997,11,
徐承栋,中国人民解放军空军,副政治委员,504,1997,11,2003,12,
林万海,中国人民解放军空军,副政治委员,504,1997,11,2000,12,
黄新,中国人民解放军空军,副政治委员,504,2000,6,2007,6,
刘亚洲,中国人民解放军空军,副政治委员,504,2003,12,2009,12,
芮清凯,中国人民解放军空军,副政治委员,504,2007,6,2009,1,
王伟,中国人民解放军空军,副政治委员,504,2009,1,2012,6,
王晓龙,中国人民解放军空军,副政治委员,504,2009,12,2015,7,
房建国,中国人民解放军空军,副政治委员,504,2012,6,2015,7,
王祥富,中国人民解放军空军,副政治委员,504,2012,12,2014,7,
宋琨,中国人民解放军空军,副政治委员,504,2014,7,2016,2,
赵以良,中国人民解放军空军,副政治委员,504,2015,7,2017,12,
陈学斌,中国人民解放军空军,副政治委员,504,2018,4,,,
王秉璋,中国人民解放军空军参谋部,参谋长,505,1949,10,1958,11,
张廷发,中国人民解放军空军参谋部,参谋长,505,1958,11,1966,9,
梁璞,中国人民解放军空军参谋部,参谋长,505,1969,9,1974,2,
王定烈,中国人民解放军空军参谋部,参谋长,505,1975,5,1982,11,
马占民,中国人民解放军空军参谋部,参谋长,505,1982,11,1987,1,
于泽民,中国人民解放军空军参谋部,参谋长,505,1987,1,1993,7,
辛殿枫,中国人民解放军空军参谋部,参谋长,505,1993,7,1994,10,
许其亮,中国人民解放军空军参谋部,参谋长,505,1994,10,1999,1,
郑申侠,中国人民解放军空军参谋部,参谋长,505,1999,1,2003,7,
何为荣,中国人民解放军空军参谋部,参谋长,505,2003,7,2005,12,
赵忠新,中国人民解放军空军参谋部,参谋长,505,2005,12,2007,9,
杨国海,中国人民解放军空军参谋部,参谋长,505,2007,9,2013,7,
麻振军,中国人民解放军空军参谋部,参谋长,505,2013,7,2017,12,
俞庆江,中国人民解放军空军参谋部,参谋长,505,2017,12,,,
萧华,中国人民解放军空军政治部,政治工作部主任,506,1949,10,1950,4,
吴法宪,中国人民解放军空军政治部,政治工作部主任,506,1950,4,1953,1,
王辉球,中国人民解放军空军政治部,政治工作部主任,506,1953,1,1964,7,
黄玉昆,中国人民解放军空军政治部,政治工作部主任,506,1964,7,1967,5,
高厚良,中国人民解放军空军政治部,政治工作部主任,506,1973,5,1975,10,
刘世昌,中国人民解放军空军政治部,政治工作部主任,506,1975,10,1978,1,
叶松盛,中国人民解放军空军政治部,政治工作部主任,506,1978,1,1982,11,
毕皓,中国人民解放军空军政治部,政治工作部主任,506,1982,11,1987,1,
高兴民,中国人民解放军空军政治部,政治工作部主任,506,1987,1,1988,4,
丁文昌,中国人民解放军空军政治部,政治工作部主任,506,1988,4,1992,11,
张汉平,中国人民解放军空军政治部,政治工作部主任,506,1992,11,1993,12,
徐承栋,中国人民解放军空军政治部,政治工作部主任,506,1993,12,1997,11,
邓昌友,中国人民解放军空军政治部,政治工作部主任,506,1997,11,2002,5,
孙俊哲,中国人民解放军空军政治部,政治工作部主任,506,2002,5,2007,9,
王晓龙,中国人民解放军空军政治部,政治工作部主任,506,2007,9,2009,12,
朱福熙,中国人民解放军空军政治部,政治工作部主任,506,2009,12,2012,11,
房建国,中国人民解放军空军政治部,政治工作部主任,506,2012,12,2015,7,
范骁骏,中国人民解放军空军政治部,政治工作部主任,506,2015,7,2016,1,
萧劲光,中国人民解放军海军,司令员,601,1950,1,1980,1,
叶飞,中国人民解放军海军,司令员,601,1980,1,1982,8,
刘华清,中国人民解放军海军,司令员,601,1982,8,1988,1,
张连忠,中国人民解放军海军,司令员,601,1988,1,1996,11,
石云生,中国人民解放军海军,司令员,601,1996,11,2003,6,
张定发,中国人民解放军海军,司令员,601,2003,6,2006,8,
吴胜利,中国人民解放军海军,司令员,601,2006,8,2017,1,
沈金龙,中国人民解放军海军,司令员,601,2017,1,,,
王宏坤,中国人民解放军海军,副司令员,602,1950,4,1966,3,
罗舜初,中国人民解放军海军,副司令员,602,1952,3,1960,8,
方强,中国人民解放军海军,副司令员,602,1953,2,1959,2,
刘道生,中国人民解放军海军,副司令员,602,1957,8,1967,3,
刘道生,中国人民解放军海军,副司令员,602,1973,7,1977,12,
刘道生,中国人民解放军海军,副司令员,602,1977,12,1982,8,
周希汉,中国人民解放军海军,副司令员,602,1958,12,1975,8,
周希汉,中国人民解放军海军,副司令员,602,1976,10,1982,8,
陶勇,中国人民解放军海军,副司令员,602,1959,11,1967,1,
赵启民,中国人民解放军海军,副司令员,602,1959,12,1973,7,
李作鹏,中国人民解放军海军,副司令员,602,1962,6,1967,6,
吴瑞林,中国人民解放军海军,副司令员,602,1968,8,1972,10,
周仁杰,中国人民解放军海军,副司令员,602,1970,3,1977,10,
周仁杰,中国人民解放军海军,副司令员,602,1980,11,1982,2,
苏振华,中国人民解放军海军,副司令员,602,1972,5,1973,3,
马忠全,中国人民解放军海军,副司令员,602,1973,7,1982,8,
王万林,中国人民解放军海军,副司令员,602,1973,7,1979,10,
孔照年,中国人民解放军海军,副司令员,602,1973,7,1979,10,
高振家,中国人民解放军海军,副司令员,602,1973,7,1979,10,
梅嘉生,中国人民解放军海军,副司令员,602,1975,8,1982,8,
杨国宇,中国人民解放军海军,副司令员,602,1978,7,1985,7,
郑国仲,中国人民解放军海军,副司令员,602,1981,3,1982,8,
傅继泽,中国人民解放军海军,副司令员,602,1981,3,1985,7,
邓兆祥,中国人民解放军海军,副司令员,602,1981,12,1985,7,
聂奎聚,中国人民解放军海军,副司令员,602,1982,8,1985,7,
李景,中国人民解放军海军,副司令员,602,1982,8,1992,11,
张序三,中国人民解放军海军,副司令员,602,1985,7,1992,11,
张连忠,中国人民解放军海军,副司令员,602,1985,7,1988,1,
陈明山,中国人民解放军海军,副司令员,602,1988,1,1994,12,
邢永宁,中国人民解放军海军,副司令员,602,1988,1,1989,3,
石云生,中国人民解放军海军,副司令员,602,1992,11,1996,11,
贺鹏飞,中国人民解放军海军,副司令员,602,1992,11,2001,3,
徐振忠,中国人民解放军海军,副司令员,602,1994,12,1999,12,
何林忠,中国人民解放军海军,副司令员,602,1997,11,2000,12,
沈滨义,中国人民解放军海军,副司令员,602,1999,12,2004,12,
么兴远,中国人民解放军海军,副司令员,602,2000,6,2004,12,
张定发,中国人民解放军海军,副司令员,602,2000,12,2002,11,
王守业,中国人民解放军海军,副司令员,602,2001,7,2005,12,
金矛,中国人民解放军海军,副司令员,602,2002,1,2005,7,
王玉成,中国人民解放军海军,副司令员,602,2003,1,2005,7,
赵兴发,中国人民解放军海军,副司令员,602,2004,12,2008,12,
张永义,中国人民解放军海军,副司令员,602,2004,12,2013,7,
郑宝华,中国人民解放军海军,副司令员,602,2005,7,2007,12,
张展南,中国人民解放军海军,副司令员,602,2006,5,2011,6,
丁一平,中国人民解放军海军,副司令员,602,2006,8,2014,7,
顾文根,中国人民解放军海军,副司令员,602,2007,12,2009,12,
徐洪猛,中国人民解放军海军,副司令员,602,2009,12,2014,12,
苏士亮,中国人民解放军海军,副司令员,602,2010,12,2013,12,
刘毅,中国人民解放军海军,副司令员,602,2011,6,2018,12,
丁毅,中国人民解放军海军,副司令员,602,2013,7,,,
田中,中国人民解放军海军,副司令员,602,2013,12,2017,12,
杜景臣,中国人民解放军海军,副司令员,602,2014,7,2016,,
蒋伟烈,中国人民解放军海军,副司令员,602,2014,12,2017,,
王海（2）,中国人民解放军海军,副司令员,602,2015,7,2017,1,
苏支前,中国人民解放军海军,副司令员,602,2017,1,,,
冯丹宇,中国人民解放军海军,副司令员,602,2017,8,,,
邱延鹏,中国人民解放军海军,副司令员,602,2017,12,,,
王厚斌,中国人民解放军海军,副司令员,602,2018,12,,,
苏振华,中国人民解放军海军,政治委员,603,1957,2,1967,1,
李作鹏,中国人民解放军海军,政治委员,603,1967,5,1971,9,
苏振华,中国人民解放军海军,政治委员,603,1973,3,1979,2,
叶飞,中国人民解放军海军,政治委员,603,1979,2,1980,1,
李耀文,中国人民解放军海军,政治委员,603,1980,10,1990,4,
魏金山,中国人民解放军海军,政治委员,603,1990,4,1993,12,
周坤仁,中国人民解放军海军,政治委员,603,1993,12,1995,7,
杨怀庆,中国人民解放军海军,政治委员,603,1995,7,2003,6,
胡彦林,中国人民解放军海军,政治委员,603,2003,6,2008,7,
刘晓江,中国人民解放军海军,政治委员,603,2008,7,2014,12,
苗华,中国人民解放军海军,政治委员,603,2014,12,2017,8,
秦生祥,中国人民解放军海军,政治委员,603,2017,8,,,
刘道生,中国人民解放军海军,副政治委员,604,1950,4,1954,6,
苏振华,中国人民解放军海军,副政治委员,604,1953,11,1957,2,
方强,中国人民解放军海军,副政治委员,604,1959,1,1965,8,
杜义德,中国人民解放军海军,副政治委员,604,1960,7,1967,1,
杜义德,中国人民解放军海军,副政治委员,604,1973,7,1977,10,
王宏坤,中国人民解放军海军,副政治委员,604,1966,5,1977,10,
张秀川,中国人民解放军海军,副政治委员,604,1968,8,1969,8,
卢仁灿,中国人民解放军海军,副政治委员,604,1973,7,1982,8,
王昕,中国人民解放军海军,副政治委员,604,1973,7,1979,10,
杜义德,中国人民解放军海军,副政治委员,604,1977,10,1980,1,
李君彦,中国人民解放军海军,副政治委员,604,1981,2,1982,8,
方正平,中国人民解放军海军,副政治委员,604,1981,3,1985,7,
康志强,中国人民解放军海军,副政治委员,604,1981,3,1982,8,
吴罡,中国人民解放军海军,副政治委员,604,1982,8,1985,7,
魏金山,中国人民解放军海军,副政治委员,604,1985,7,1990,4,
张文华,中国人民解放军海军,副政治委员,604,1990,4,1992,11,
李世田,中国人民解放军海军,副政治委员,604,1990,4,1992,11,
周坤仁,中国人民解放军海军,副政治委员,604,1992,11,1993,12,
佟国荣,中国人民解放军海军,副政治委员,604,1992,11,1994,12,
杨怀庆,中国人民解放军海军,副政治委员,604,1993,12,1995,7,
冷宽,中国人民解放军海军,副政治委员,604,1994,12,2001,7,
李俊琏,中国人民解放军海军,副政治委员,604,1995,7,2000,6,
胡彦林,中国人民解放军海军,副政治委员,604,2000,6,2003,6,
刘晓江,中国人民解放军海军,副政治委员,604,2001,7,2008,7,
康成元,中国人民解放军海军,副政治委员,604,2003,12,2004,12,
邬华扬,中国人民解放军海军,副政治委员,604,2004,12,2009,6,
范印华,中国人民解放军海军,副政治委员,604,2008,7,2011,6,
徐建中,中国人民解放军海军,副政治委员,604,2009,6,2011,12,
王兆海,中国人民解放军海军,副政治委员,604,2011,6,2013,7,
岑旭,中国人民解放军海军,副政治委员,604,2011,12,2012,12,
王森泰,中国人民解放军海军,副政治委员,604,2012,12,2014,12,
马发祥,中国人民解放军海军,副政治委员,604,2013,7,2014,11,
王登平,中国人民解放军海军,副政治委员,604,2014,12,2016,,
丁海春,中国人民解放军海军,副政治委员,604,2014,12,2017,11,
刘训言,中国人民解放军海军,副政治委员,604,2017,8,2017,12,
陈学斌,中国人民解放军海军,副政治委员,604,2017,12,2018,4,
袁华智,中国人民解放军海军,副政治委员,604,2019,3,,,
向守志,中国人民解放军第二炮兵部队,司令员,701,1967,7,1967,8,
杨俊生,中国人民解放军第二炮兵部队,司令员,701,1968,9,1969,5,
张翼翔,中国人民解放军第二炮兵部队,司令员,701,1969,5,1975,4,
向守志,中国人民解放军第二炮兵部队,司令员,701,1975,4,1977,9,
李水清,中国人民解放军第二炮兵部队,司令员,701,1977,9,1982,11,
贺进恒,中国人民解放军第二炮兵部队,司令员,701,1982,11,1985,7,
李旭阁,中国人民解放军第二炮兵部队,司令员,701,1985,7,1992,11,
杨国梁,中国人民解放军第二炮兵部队,司令员,701,1992,11,2003,1,
靖志远,中国人民解放军第二炮兵部队,司令员,701,2003,1,2012,10,
魏凤和,中国人民解放军第二炮兵部队,司令员,701,2012,10,2015,12,
魏凤和,中国人民解放军火箭军,司令员,701,2015,12,2017,8,1
周亚宁,中国人民解放军火箭军,司令员,701,2017,8,,,
廖成美,中国人民解放军第二炮兵部队,副司令员,702,1969,2,1982,6,
符先辉,中国人民解放军第二炮兵部队,副司令员,702,1969,2,1985,7,
王珽,中国人民解放军第二炮兵部队,副司令员,702,1969,2,1975,8,
严家安,中国人民解放军第二炮兵部队,副司令员,702,1969,2,1982,6,
李懋之,中国人民解放军第二炮兵部队,副司令员,702,1975,8,1982,6,
贺进恒,中国人民解放军第二炮兵部队,副司令员,702,1979,1,1982,11,
盛治华,中国人民解放军第二炮兵部队,副司令员,702,1979,4,1982,6,
李旭阁,中国人民解放军第二炮兵部队,副司令员,702,1982,11,1985,7,
郑惕,中国人民解放军第二炮兵部队,副司令员,702,1982,11,1990,4,
杨国梁,中国人民解放军第二炮兵部队,副司令员,702,1985,7,1992,11,
杨桓,中国人民解放军第二炮兵部队,副司令员,702,1985,7,1992,11,
钱贵,中国人民解放军第二炮兵部队,副司令员,702,1990,4,1993,12,
邹永钊,中国人民解放军第二炮兵部队,副司令员,702,1992,11,2000,12,
栗前明,中国人民解放军第二炮兵部队,副司令员,702,1992,11,1996,11,
潘日源,中国人民解放军第二炮兵部队,副司令员,702,1993,12,1996,7,
赵锡君,中国人民解放军第二炮兵部队,副司令员,702,1996,11,2003,12,
黄次胜,中国人民解放军第二炮兵部队,副司令员,702,1996,11,2001,7,
葛东升,中国人民解放军第二炮兵部队,副司令员,702,1999,9,2002,1,
张瑞,中国人民解放军第二炮兵部队,副司令员,702,2001,7,2006,8,
张翔,中国人民解放军第二炮兵部队,副司令员,702,2001,7,2006,12,
赵书月,中国人民解放军第二炮兵部队,副司令员,702,2002,7,2006,12,
于际训,中国人民解放军第二炮兵部队,副司令员,702,2006,8,2011,12,
张余亭,中国人民解放军第二炮兵部队,副司令员,702,2006,8,2010,12,
王久荣,中国人民解放军第二炮兵部队,副司令员,702,2006,12,2014,12,
吴国华,中国人民解放军第二炮兵部队,副司令员,702,2010,12,2015,12,
陆福恩,中国人民解放军第二炮兵部队,副司令员,702,2011,12,2015,12,
王治民,中国人民解放军第二炮兵部队,副司令员,702,2014,6,2014,12,
周亚宁,中国人民解放军第二炮兵部队,副司令员,702,2014,12,2015,12,
吴国华,中国人民解放军火箭军,副司令员,702,2015,12,,,1
陆福恩,中国人民解放军火箭军,副司令员,702,2015,12,2016,5,1
周亚宁,中国人民解放军火箭军,副司令员,702,2015,12,2017,8,1
李传广,中国人民解放军火箭军,副司令员,702,2016,5,2016,7,
张振中,中国人民解放军火箭军,副司令员,702,2016,7,,,
李传广,中国人民解放军火箭军,副司令员,702,2017,12,,,
李天焕,中国人民解放军第二炮兵部队,政治委员,703,1967,7,1968,3,
吴烈,中国人民解放军第二炮兵部队,政治委员,703,1967,10,1975,4,
陈发洪,中国人民解放军第二炮兵部队,政治委员,703,1970,3,1975,4,
陈鹤桥,中国人民解放军第二炮兵部队,政治委员,703,1975,5,1982,11,
刘立封,中国人民解放军第二炮兵部队,政治委员,703,1982,11,1990,4,
刘安元,中国人民解放军第二炮兵部队,政治委员,703,1990,4,1992,11,
隋永举,中国人民解放军第二炮兵部队,政治委员,703,1992,11,1997,11,
隋明太,中国人民解放军第二炮兵部队,政治委员,703,1997,11,2003,12,
彭小枫,中国人民解放军第二炮兵部队,政治委员,703,2003,12,2009,12,
张海阳,中国人民解放军第二炮兵部队,政治委员,703,2009,12,2014,12,
王家胜,中国人民解放军第二炮兵部队,政治委员,703,2014,12,2015,12,
王家胜,中国人民解放军火箭军,政治委员,703,2015,12,,,1
于敬山,中国人民解放军第二炮兵部队,副政治委员,704,1968,8,1977,4,
刘友光,中国人民解放军第二炮兵部队,副政治委员,704,1970,1,1982,11,
王文介,中国人民解放军第二炮兵部队,副政治委员,704,1970,1,1975,8,
王宗槐,中国人民解放军第二炮兵部队,副政治委员,704,1975,8,1982,11,
卢南樵,中国人民解放军第二炮兵部队,副政治委员,704,1977,12,1982,11,
吕义山,中国人民解放军第二炮兵部队,副政治委员,704,1977,12,1982,6,
刘立封,中国人民解放军第二炮兵部队,副政治委员,704,1977,12,1982,11,
熊志生,中国人民解放军第二炮兵部队,副政治委员,704,1979,1,1985,7,
宿灿,中国人民解放军第二炮兵部队,副政治委员,704,1982,11,1985,7,
阴法唐,中国人民解放军第二炮兵部队,副政治委员,704,1985,7,1990,4,
史克信,中国人民解放军第二炮兵部队,副政治委员,704,1985,7,1993,12,
隋永举,中国人民解放军第二炮兵部队,副政治委员,704,1990,4,1992,11,
宫永丰,中国人民解放军第二炮兵部队,副政治委员,704,1992,11,1994,12,
王作义,中国人民解放军第二炮兵部队,副政治委员,704,1992,11,1993,12,
曹和庆,中国人民解放军第二炮兵部队,副政治委员,704,1993,12,1999,7,
王洪福,中国人民解放军第二炮兵部队,副政治委员,704,1994,12,1997,11,
贾文先,中国人民解放军第二炮兵部队,副政治委员,704,1997,11,2004,12,
罗东进,中国人民解放军第二炮兵部队,副政治委员,704,1997,11,2002,11,
孙福,中国人民解放军第二炮兵部队,副政治委员,704,2002,1,2003,12,
张立民,中国人民解放军第二炮兵部队,副政治委员,704,2003,12,2008,7,
程宝山,中国人民解放军第二炮兵部队,副政治委员,704,2004,12,2009,1,
邓天生,中国人民解放军第二炮兵部队,副政治委员,704,2008,7,2013,12,
张孝忠,中国人民解放军第二炮兵部队,副政治委员,704,2009,1,2009,6,
杨立顺,中国人民解放军第二炮兵部队,副政治委员,704,2009,6,2014,12,
于大清,中国人民解放军第二炮兵部队,副政治委员,704,2013,12,2014,12,
唐国庆,中国人民解放军第二炮兵部队,副政治委员,704,2014,12,2015,12,
张东水,中国人民解放军第二炮兵部队,副政治委员,704,2014,12,2015,1,
唐国庆,中国人民解放军火箭军,副政治委员,704,2015,12,2018,7,1
禹光,中国人民解放军火箭军,副政治委员,704,2018,7,,,
李刚,中国人民武装警察部队,司令员,801,1983,1,1984,10,
李连秀,中国人民武装警察部队,司令员,801,1984,10,1990,1,
周玉书,中国人民武装警察部队,司令员,801,1990,1,1992,12,
巴忠倓,中国人民武装警察部队,司令员,801,1992,12,1996,2,
杨国屏,中国人民武装警察部队,司令员,801,1996,2,1999,12,
吴双战,中国人民武装警察部队,司令员,801,1999,12,2009,12,
王建平,中国人民武装警察部队,司令员,801,2009,12,2014,12,
王宁,中国人民武装警察部队,司令员,801,2014,12,,,
何鸿业,中国人民武装警察部队,副司令员,802,1983,1,1985,11,
李俊,中国人民武装警察部队,副司令员,802,1984,10,1985,11,
黄英夫,中国人民武装警察部队,副司令员,802,1984,10,1985,11,
范志伦,中国人民武装警察部队,副司令员,802,1985,11,1990,1,
左印生,中国人民武装警察部队,副司令员,802,1990,1,1993,6,
王文理,中国人民武装警察部队,副司令员,802,1990,1,1996,4,
安鲛驹,中国人民武装警察部队,副司令员,802,1993,6,1996,4,
吴双战,中国人民武装警察部队,副司令员,802,1996,2,1999,12,
朱成友,中国人民武装警察部队,副司令员,802,1996,4,2003,12,
张进宝,中国人民武装警察部队,副司令员,802,1996,4,2002,7,
朱曙光,中国人民武装警察部队,副司令员,802,1996,4,2006,8,
高文远,中国人民武装警察部队,副司令员,802,1996,7,2002,1,
王福中,中国人民武装警察部队,副司令员,802,1998,5,2003,1,
刘世民,中国人民武装警察部队,副司令员,802,2002,1,2005,7,
梁洪,中国人民武装警察部队,副司令员,802,2002,7,2007,11,
陈传阔,中国人民武装警察部队,副司令员,802,2003,12,2009,1,
息中朝,中国人民武装警察部队,副司令员,802,2003,12,2010,7,
刘红军,中国人民武装警察部队,副司令员,802,2005,7,2010,12,
霍毅,中国人民武装警察部队,副司令员,802,2006,8,2009,6,
何映华,中国人民武装警察部队,副司令员,802,2007,12,2012,12,
薛国强,中国人民武装警察部队,副司令员,802,2009,1,2014,7,
王建平,中国人民武装警察部队,副司令员,802,2009,6,,,
戴洪生,中国人民武装警察部队,副司令员,802,2009,12,2015,,
潘昌杰,中国人民武装警察部队,副司令员,802,2010,7,2017,1,
戴肃军,中国人民武装警察部队,副司令员,802,2011,7,2017,,
王永生,中国人民武装警察部队,副司令员,802,2014,7,2015,6,
牛志忠,中国人民武装警察部队,副司令员,802,2015,6,2016,,
王兵,中国人民武装警察部队,副司令员,802,2016,,,,
杨光跃,中国人民武装警察部队,副司令员,802,2017,1,,,
秦天,中国人民武装警察部队,副司令员,802,2017,9,,,
于建华,中国人民武装警察部队,副司令员,802,2017,12,,,
赵苍璧,中国人民武装警察部队,政治委员,803,1983,1,1983,7,
刘复之,中国人民武装警察部队,政治委员,803,1983,7,1984,10,
李振军,中国人民武装警察部队,政治委员,803,1984,10,1985,11,
张秀夫,中国人民武装警察部队,政治委员,803,1985,11,1990,1,
徐寿增,中国人民武装警察部队,政治委员,803,1990,1,1992,12,
张树田,中国人民武装警察部队,政治委员,803,1992,12,1996,2,
徐永清,中国人民武装警察部队,政治委员,803,1996,2,2003,12,
隋明太,中国人民武装警察部队,政治委员,803,2003,12,2007,9,
喻林祥,中国人民武装警察部队,政治委员,803,2007,9,2010,7,
许耀元,中国人民武装警察部队,政治委员,803,2010,7,2014,12,
孙思敬,中国人民武装警察部队,政治委员,803,2014,12,2017,1,
朱生岭,中国人民武装警察部队,政治委员,803,2017,1,2019,3,
安兆庆,中国人民武装警察部队,政治委员,803,2019,3,,,
娄殿英,中国人民武装警察部队,副政治委员,804,1983,1,1985,11,
李振军,中国人民武装警察部队,副政治委员,804,1983,10,1984,10,
张海天,中国人民武装警察部队,副政治委员,804,1985,11,1990,1,
吕寿延,中国人民武装警察部队,副政治委员,804,1990,1,1993,6,
徐桂宝,中国人民武装警察部队,副政治委员,804,1990,1,1996,4,
蒋金锵,中国人民武装警察部队,副政治委员,804,1993,6,1996,4,
隋绳武,中国人民武装警察部队,副政治委员,804,1996,4,2004,12,
张钰钟,中国人民武装警察部队,副政治委员,804,1996,4,2005,7,
刘源,中国人民武装警察部队,副政治委员,804,1998,8,2003,7,
贾润兴,中国人民武装警察部队,副政治委员,804,2003,7,2007,12,
刘世民,中国人民武装警察部队,副政治委员,804,2005,7,2008,7,
李清印,中国人民武装警察部队,副政治委员,804,2005,7,2010,12,
吴云峰,中国人民武装警察部队,副政治委员,804,2007,12,2012,12,
崔景龙,中国人民武装警察部队,副政治委员,804,2008,7,2013,7,
王长河,中国人民武装警察部队,副政治委员,804,2010,12,2015,12,
张瑞清,中国人民武装警察部队,副政治委员,804,2012,12,2017,12,
于建伟,中国人民武装警察部队,副政治委员,804,2013,7,2015,,
姚立功,中国人民武装警察部队,副政治委员,804,2015,7,,,
颜晓东,中国人民武装警察部队,副政治委员,804,2018,7,,,
周桓,沈阳军区,政治委员,1201,1955,3,1959,10,
赖传珠,沈阳军区,政治委员,1201,1959,10,1960,11,
宋任穷,沈阳军区,政治委员,1201,1960,11,1968,6,
曾绍山,沈阳军区,政治委员,1201,1966,3,1980,1,
潘复生,沈阳军区,政治委员,1201,1967,5,1971,9,
毛远新,沈阳军区,政治委员,1201,1974,2,1976,10,
王辉球,沈阳军区,政治委员,1201,1973,5,1975,8,
甘渭汉,沈阳军区,政治委员,1201,1977,9,1980,1,
廖汉生,沈阳军区,政治委员,1201,1980,1,1982,10,
刘振华,沈阳军区,政治委员,1201,1982,10,1987,11,
宋克达,沈阳军区,政治委员,1201,1987,11,1993,12,
李新良,沈阳军区,政治委员,1201,1993,12,1995,9,
姜福堂,沈阳军区,政治委员,1201,1995,9,2005,12,
黄献中,沈阳军区,政治委员,1201,2005,12,2010,12,
褚益民,沈阳军区,政治委员,1201,2010,12,2016,1,
罗荣桓,沈阳军区,副政治委员,1202,1948,1,1948,8,
高岗,沈阳军区,副政治委员,1202,1948,1,1948,8,
陈云,沈阳军区,副政治委员,1202,1948,1,1949,6,
李富春,沈阳军区,副政治委员,1202,1948,1,1955,3,
张秀山,沈阳军区,副政治委员,1202,1950,9,1954,5,
周桓,沈阳军区,副政治委员,1202,1950,6,1955,3,
林枫,沈阳军区,副政治委员,1202,1954,5,1955,4,
杜平,沈阳军区,副政治委员,1202,1955,3,1963,3,
甘渭汉,沈阳军区,副政治委员,1202,1955,3,1956,11,
杜义德,沈阳军区,副政治委员,1202,1959,11,1960,6,
吴保山,沈阳军区,副政治委员,1202,1964,8,1967,6,
李震,沈阳军区,副政治委员,1202,1964,8,1966,12,
李伯秋,沈阳军区,副政治委员,1202,1969,8,1978,5,
李少元,沈阳军区,副政治委员,1202,1969,8,1975,8,
田维新,沈阳军区,副政治委员,1202,1969,8,1969,10,
邹衍,沈阳军区,副政治委员,1202,1969,8,1980,12,
王淮湘,沈阳军区,副政治委员,1202,1969,8,1977,5,
刘振华,沈阳军区,副政治委员,1202,1969,8,1979,1,
陈绍昆,沈阳军区,副政治委员,1202,1969,8,1975,6,
刘光涛,沈阳军区,副政治委员,1202,1969,8,1978,2,
张午,沈阳军区,副政治委员,1202,1970,12,1985,6,
甘渭汉,沈阳军区,副政治委员,1202,1972,10,1977,9,
傅奎清,沈阳军区,副政治委员,1202,1975,10,1980,12,
王恩茂,沈阳军区,副政治委员,1202,1977,12,1982,1,
谢有法,沈阳军区,副政治委员,1202,1979,2,1980,8,
成泽民,沈阳军区,副政治委员,1202,1982,10,1985,6,
宋克达,沈阳军区,副政治委员,1202,1985,6,1987,11,
李文卿,沈阳军区,副政治委员,1202,1988,8,1990,4,
艾维仁,沈阳军区,副政治委员,1202,1990,4,1996,1,
戴学江,沈阳军区,副政治委员,1202,1990,4,1992,11,
黄渐鸿,沈阳军区,副政治委员,1202,1992,10,1994,12,
周文元,沈阳军区,副政治委员,1202,1992,11,1999,4,
曹惠臣,沈阳军区,副政治委员,1202,1996,1,2003,12,
沙显明,沈阳军区,副政治委员,1202,1997,11,2003,1,
田书根,沈阳军区,副政治委员,1202,1999,1,2000,12,
李运之,沈阳军区,副政治委员,1202,1999,12,2007,12,
周永顺,沈阳军区,副政治委员,1202,2001,1,2005,12,
王伟,沈阳军区,副政治委员,1202,2003,1,2005,12,
潘瑞吉,沈阳军区,副政治委员,1202,2005,12,2008,12,
尹庆立,沈阳军区,副政治委员,1202,2005,12,2008,12,
张铁健,沈阳军区,副政治委员,1202,2007,12,2010,7,
马炳泰,沈阳军区,副政治委员,1202,2008,12,2014,,
赵以良,沈阳军区,副政治委员,1202,2008,12,2015,7,
王洪尧,沈阳军区,副政治委员,1202,2010,7,2011,6,
侯贺华,沈阳军区,副政治委员,1202,2011,6,2015,7,
高建国,沈阳军区,副政治委员,1202,2013,12,,,
刘建,沈阳军区,副政治委员,1202,2015,7,2016,,
林彪,沈阳军区,司令员,1203,1948,1,1949,6,
高岗,沈阳军区,司令员,1203,1949,62,1954,5,
邓华,沈阳军区,司令员,1203,1954,2,1955,3,
陈锡联,沈阳军区,司令员,1203,1959,10,1973,12,
李德生,沈阳军区,司令员,1203,1973,12,1985,6,
刘精松,沈阳军区,司令员,1203,1985,6,1992,11,
王克,沈阳军区,司令员,1203,1992,11,1995,9,
李新良,沈阳军区,司令员,1203,1995,9,1997,11,
梁光烈,沈阳军区,司令员,1203,1997,11,1999,12,
钱国梁,沈阳军区,司令员,1203,1999,12,2004,12,
常万全,沈阳军区,司令员,1203,2004,12,2007,9,
张又侠,沈阳军区,司令员,1203,2007,9,2012,10,
王教成,沈阳军区,司令员,1203,2012,10,2016,1,
林彪,沈阳军区,政治委员,1203,1948,1,1949,6,
高岗,沈阳军区,政治委员,1203,1949,62,1954,5,
吕正操,沈阳军区,副司令员,1204,1948,1,,,
周保中,沈阳军区,副司令员,1204,1948,1,,,
萧劲光,沈阳军区,副司令员,1204,1948,1,,,
高岗,沈阳军区,副司令员,1204,1948,8,1949,6,
贺晋年,沈阳军区,副司令员,1204,1950,5,1954,8,
王建安,沈阳军区,副司令员,1204,1956,11,1959,11,
程世才,沈阳军区,副司令员,1204,1957,8,1959,11,
曾绍山,沈阳军区,副司令员,1204,1959,10,1966,3,
曾思玉,沈阳军区,副司令员,1204,1959,10,1967,7,
刘转连,沈阳军区,副司令员,1204,1962,6,1975,8,
唐子安,沈阳军区,副司令员,1204,1964,8,1975,8,
江拥辉,沈阳军区,副司令员,1204,1968,5,1983,10,
肖全夫,沈阳军区,副司令员,1204,1968,5,1980,1,
汪洋,沈阳军区,副司令员,1204,1969,8,1975,6,
邓岳,沈阳军区,副司令员,1204,1969,8,1977,11,
刘永源,沈阳军区,副司令员,1204,1969,8,1975,8,
游好扬,沈阳军区,副司令员,1204,1969,8,1975,8,
张峰,沈阳军区,副司令员,1204,1969,8,1975,8,
吴习智,沈阳军区,副司令员,1204,1969,8,1975,8,
汪家道,沈阳军区,副司令员,1204,1969,8,1975,8,
刘德才,沈阳军区,副司令员,1204,1970,3,1977,11,
曾雍雅,沈阳军区,副司令员,1204,1970,11,1975,8,
罗坤山,沈阳军区,副司令员,1204,1972,5,1975,8,
杨勇,沈阳军区,副司令员,1204,1972,5,1973,7,
孙玉国,沈阳军区,副司令员,1204,1974,2,1977,10,
罗舜初,沈阳军区,副司令员,1204,1975,4,1975,8,
刘震,沈阳军区,副司令员,1204,1975,8,1977,9,
王恩茂,沈阳军区,副司令员,1204,1977,2,1975,12,
谢振华,沈阳军区,副司令员,1204,1977,12,1982,10,
李化民,沈阳军区,副司令员,1204,1977,12,1982,10,
袁俊,沈阳军区,副司令员,1204,1980,12,1985,6,
张竭诚,沈阳军区,副司令员,1204,1981,12,1983,5,
高克,沈阳军区,副司令员,1204,1982,10,1985,6,
赵先顺,沈阳军区,副司令员,1204,1982,10,1985,6,
张怀瑞,沈阳军区,副司令员,1204,1983,5,1985,6,
朱敦法,沈阳军区,副司令员,1204,1985,6,1990,4,
石宝源,沈阳军区,副司令员,1204,1985,6,1999,4,
曹双明,沈阳军区,副司令员,1204,1987,9,1992,10,
佟宝存,沈阳军区,副司令员,1204,1990,4,1996,11,
辛殿枫,沈阳军区,副司令员,1204,1993,1,1993,7,
齐连运,沈阳军区,副司令员,1204,1993,1,1996,7,
卢登华,沈阳军区,副司令员,1204,1993,7,1996,7,
宗顺留,沈阳军区,副司令员,1204,1995,7,1999,4,
罗有礼,沈阳军区,副司令员,1204,1996,7,2003,11,
郑申侠,沈阳军区,副司令员,1204,1996,7,1999,2,
吴玉谦,沈阳军区,副司令员,1204,1996,11,2005,12,
葛振峰,沈阳军区,副司令员,1204,1999,1,2000,12,
许其亮,沈阳军区,副司令员,1204,1999,2,2004,7,
毛凤鸣,沈阳军区,副司令员,1204,2000,12,2005,12,
王建民,沈阳军区,副司令员,1204,2000,12,2002,11,
刘亚红,沈阳军区,副司令员,1204,2003,12,2009,6,
周来强,沈阳军区,副司令员,1204,2004,7,2012,8,
宋才文,沈阳军区,副司令员,1204,2005,12,2010,12,
李世明,沈阳军区,副司令员,1204,2005,12,2006,12,
石香元,沈阳军区,副司令员,1204,2006,12,2013,12,
马炳泰,沈阳军区,副司令员,1204,2008,12,2013,12,
钟志明,沈阳军区,副司令员,1204,2009,6,,,
王晓军,沈阳军区,副司令员,1204,2010,12,2012,10,
丁来杭,沈阳军区,副司令员,1204,2012,8,2016,1,
王西欣,沈阳军区,副司令员,1204,2012,12,,,
侯继振,沈阳军区,副司令员,1204,2013,12,2014,12,
盛斌,沈阳军区,副司令员,1204,2014,12,,,
薄一波,北军区,政治委员,1301,1982,,1992,,
朱良才,北京军区,政治委员,1301,1955,4,1958,10,
赖传珠,北京军区,政治委员,1301,1958,10,1959,10,
廖汉生,北京军区,政治委员 第二,1301,1960,11,1967,3,
廖汉生,北京军区,政治委员,1301,1959,10,1960,11,
李雪峰,北京军区,政治委员,1301,1960,11,1966,5,
谢富治,北京军区,政治委员,1301,1967,,1972,3,
刘格平,北京军区,政治委员,1301,1967,3,1971,4,
陈先瑞,北京军区,政治委员,1301,,96,1975,10,
解学恭,北京军区,政治委员,1301,1969,10,1975,10,
谢富治,北京军区,政治委员第一,1301,1971,1,1972,3,
谢富治,北京军区,政治委员,1301,1967,5,1971,1,
纪登奎,北京军区,政治委员 第一,1301,1972,5,1977,9,
纪登奎,北京军区,政治委员 第二,1301,1971,1,1972,5,
吴德,北京军区,政治委员,1301,1972,5,1975,10,
刘子厚,北京军区,政治委员,1301,1972,5,1975,10,
秦基伟,北京军区,政治委员,1301,1980,1,1987,11,
袁升平,北京军区,政治委员,1301,1980,1,1982,10,
傅崇碧,北京军区,政治委员,1301,1982,10,1985,6,
杨白冰,北京军区,政治委员,1301,1982,10,1985,6,
刘振华,北京军区,政治委员,1301,1987,11,1990,4,
张工,北京军区,政治委员,1301,1990,4,1992,11,
谷善庆,北京军区,政治委员,1301,1992,11,1996,11,
杜铁环,北京军区,政治委员,1301,1996,11,2003,12,
符廷贵,北京军区,政治委员,1301,2003,12,2009,12,
刘福连,北京军区,政治委员,1301,2009,12,2015,12,
张南生,北京军区,副政治委员,1302,1957,8,1975,10,
袁升平,北京军区,副政治委员,1302,1958,11,1960,12,
王紫峰,北京军区,副政治委员,1302,1961,12,1968,5,
陈先瑞,北京军区,副政治委员,1302,1962,2,1969,6,
黄振棠,北京军区,副政治委员,1302,1965,1,1977,12,
张日清,北京军区,副政治委员,1302,1967,5,1971,4,
吴岱,北京军区,副政治委员,1302,1969,10,1983,5,
张正光,北京军区,副政治委员,1302,1969,10,1975,10,
陈仁洪,北京军区,副政治委员,1302,1969,10,1975,10,
陈祥,北京军区,副政治委员,1302,1970,12,1975,10,
王猛,北京军区,副政治委员,1302,1970,12,1971,7,
吴涛,北京军区,副政治委员,1302,1972,5,1977,12,
马杰,北京军区,副政治委员,1302,1972,5,1975,3,
徐光友,北京军区,副政治委员,1302,1972,5,1975,10,
迟浩田,北京军区,副政治委员,1302,1973,12,1977,10,
万海峰,北京军区,副政治委员,1302,1975,10,1982,10,
吴烈,北京军区,副政治委员,1302,1977,9,1982,10,
罗应怀,北京军区,副政治委员,1302,1977,12,1985,6,
曲竟济,北京军区,副政治委员,1302,1977,12,1985,6,
张正光,北京军区,副政治委员,1302,1977,12,1978,4,
杨白冰,北京军区,副政治委员,1302,1982,10,1985,6,
陈培民,北京军区,副政治委员,1302,1985,6,1992,11,
王福义,北京军区,副政治委员,1302,1990,4,1995,7,
曹和庆,北京军区,副政治委员,1302,1992,11,1993,12,
王作义,北京军区,副政治委员,1302,1993,12,1995,7,
徐自强,北京军区,副政治委员,1302,1995,7,2001,6,
杨惠川,北京军区,副政治委员,1302,1995,7,2002,7,
吕志,北京军区,副政治委员,1302,2001,7,2002,1,
李文华,北京军区,副政治委员,1302,2002,1,2008,7,
张海阳,北京军区,副政治委员,1302,2002,7,2005,12,
杨建亭,北京军区,副政治委员,1302,2005,12,2011,7,
黄建国,北京军区,副政治委员,1302,2008,7,2014,12,
程童一,北京军区,副政治委员,1302,2011,7,2014,12,
高东璐,北京军区,副政治委员,1302,2014,12,2016,1,
聂荣臻,北京军区,司令员,1303,1955,3,1958,9,
杨成武,北京军区,司令员,1303,1958,9,1967,6,
杨勇,北京军区,司令员,1303,1969,6,1971,1,
郑维山,北京军区,司令员,1303,1969,6,1971,1,
李德生,北京军区,司令员,1303,1970,12,1973,12,
陈锡联,北京军区,司令员,1303,1973,12,1980,1,
秦基伟,北京军区,司令员,1303,1980,1,1987,11,
周衣冰,北京军区,司令员,1303,1987,11,1990,4,
王成斌,北京军区,司令员,1303,1990,4,1993,12,
李来柱,北京军区,司令员,1303,,31,1997,11,
李新良,北京军区,司令员,1303,1997,12,1999,10,
朱启,北京军区,司令员,1303,2002,1,2007,,
房峰辉,北京军区,司令员,1303,2007,7,2012,10,
张仕波,北京军区,司令员,1303,2012,10,2014,12,
宋普选,北京军区,司令员,1303,2014,12,2016,1,
郑维山,北京军区,副司令员,1304,1955,3,1969,6,
王近山,北京军区,副司令员,1304,1955,3,1959,7,
陈正湘,北京军区,副司令员,1304,1955,3,1959,2,
韩伟,北京军区,副司令员,1304,1955,3,1969,7,
谭希林,北京军区,副司令员,1304,1958,11,1969,7,
罗元发,北京军区,副司令员,1304,1960,3,1968,12,
滕海清,北京军区,副司令员,1304,1961,10,1975,10,
吴先恩,北京军区,副司令员,1304,1961,12,1975,10,
傅崇碧,北京军区,副司令员,1304,1965,3,1968,4,
肖文玖,北京军区,副司令员,1304,1965,3,1975,10,
张云龙,北京军区,副司令员,1304,1969,10,1975,10,
郑三生,北京军区,副司令员,1304,1969,10,1975,8,
宋玉琳,北京军区,副司令员,1304,1969,10,1975,10,
杜文达,北京军区,副司令员,1304,1969,12,1975,10,
尤太忠,北京军区,副司令员,1304,1970,4,1980,1,
马卫华,北京军区,副司令员,1304,1970,12,1985,6,
汪易,北京军区,副司令员,1304,1970,12,1973,1,
王振祥,北京军区,副司令员,1304,1970,12,1975,10,
康林,北京军区,副司令员,1304,1970,12,1980,12,
谢振华,北京军区,副司令员,1304,1972,5,1975,10,
万海峰,北京军区,副司令员,1304,1972,8,1975,10,
刘海清,北京军区,副司令员,1304,1972,5,1979,6,
肖选进,北京军区,副司令员,1304,1972,5,1985,6,
徐深吉,北京军区,副司令员,1304,1973,5,1975,10,
傅崇碧,北京军区,副司令员,1304,1975,4,1982,10,
李钟玄,北京军区,副司令员,1304,1977,9,1982,10,
汪洋,北京军区,副司令员,1304,1977,12,1985,6,
潘焱,北京军区,副司令员,1304,1979,8,1982,10,
马辉,北京军区,副司令员,1304,1980,12,1982,10,
袁捷,北京军区,副司令员,1304,1982,10,1985,6,
阎同茂,北京军区,副司令员,1304,1982,10,1990,4,
周衣冰,北京军区,副司令员,1304,1985,6,1987,11,
李来柱,北京军区,副司令员,1304,1985,6,1993,12,
刘玉堤,北京军区,副司令员,1304,1987,9,1990,4,
齐连运,北京军区,副司令员,1304,1988,2,1990,4,
邹玉琪,北京军区,副司令员,1304,1990,4,1992,11,
董学林,北京军区,副司令员,1304,1990,4,1992,11,
耀先,北京军区,副司令员,1304,1990,9,1993,1,
张志坚,北京军区,副司令员,1304,1992,11,1993,12,
姜洪泉,北京军区,副司令员,1304,1992,11,1995,7,
林基贵,北京军区,副司令员,1304,1993,1,1994,4,
何道泉,北京军区,副司令员,1304,1993,12,1994,12,
郭伯雄,北京军区,副司令员,1304,1993,12,1997,11,
马占民,北京军区,副司令员,1304,1994,4,1996,1,
梁光烈,北京军区,副司令员,1304,1995,7,1997,11,
乔清晨,北京军区,副司令员,1304,1996,1,1997,11,
刘逢君,北京军区,副司令员,1304,1997,11,2005,12,
李永金,北京军区,副司令员,1304,1997,11,2004,12,
臧文清,北京军区,副司令员,1304,1997,11,2003,12,
粟戎生,北京军区,副司令员,1304,1997,11,2005,12,
陈希滔,北京军区,副司令员,1304,1998,4,2006,8,
高中兴,北京军区,副司令员,1304,2003,12,2006,12,
景文春,北京军区,副司令员,1304,2004,12,2006,8,
邱金凯,北京军区,副司令员,1304,2005,12,2009,12,
张又侠,北京军区,副司令员,1304,2005,12,2007,9,
黄汉标,北京军区,副司令员,1304,2006,8,2013,12,
贾永生,北京军区,副司令员,1304,2006,8,2010,12,
段端武,北京军区,副司令员,1304,2007,11,2012,12,
李少军,北京军区,副司令员,1304,2009,12,2012,12,
江建曾,北京军区,副司令员,1304,2010,12,2012,7,
张宝书,北京军区,副司令员,1304,2010,12,2013,12,
刘志刚,北京军区,副司令员,1304,2012,12,2014,12,
韩卫国,北京军区,副司令员,1304,2013,12,2016,1,
郑传福,北京军区,副司令员,1304,2013,12,2016,1,
白建军,北京军区,副司令员,1304,2014,12,2016,1,
冼恒汉,兰州军区,政治委员,1401,1955,5,1964,6,
刘澜涛,兰州军区,政治委员,1401,1960,11,1967,5,
李瑞山,兰州军区,政治委员,1401,1969,6,1978,5,
肖华,兰州军区,政治委员,1401,1977,4,,,
宋平,兰州军区,政治委员,1401,1977,6,1982,12,
谭友林,兰州军区,政治委员,1401,1983,10,1985,6,
李宣化,兰州军区,政治委员,1401,,,,,
曹芃生,兰州军区,政治委员,1401,1990,4,1996,1,
温宗仁,兰州军区,政治委员,1401,1996,1,2000,6,
刘冬冬,兰州军区,政治委员,1401,2000,6,2002,10,
刘永治,兰州军区,政治委员,1401,2002,10,2004,12,
喻林祥,兰州军区,政治委员,1401,2004,12,2007,9,
李长才,兰州军区,政治委员,1401,2007,9,2015,2,
苗华,兰州军区,政治委员,1401,2014,7,2014,12,
刘雷,兰州军区,政治委员,1401,2014,12,2015,12,
高维嵩,兰州军区,副政治委员,1402,1965,1,1977,12,
王庆生,兰州军区,副政治委员,1402,1965,1,1967,4,
刘西元,兰州军区,副政治委员,1402,1969,1,1972,11,
孔俊彪,兰州军区,副政治委员,1402,1970,5,1984,9,
刘建功,兰州军区,副政治委员,1402,1970,6,1975,8,
李樾,兰州军区,副政治委员,1402,1970,6,1975,7,
李虎,兰州军区,副政治委员,1402,1970,6,1975,8,
卜占亚,兰州军区,副政治委员,1402,1973,7,1979,2,
谭开云,兰州军区,副政治委员,1402,1973,11,1978,9,
蓝文兆,兰州军区,副政治委员,1402,1975,4,,,
段思英,兰州军区,副政治委员,1402,1977,12,1983,5,
梁仁芥,兰州军区,副政治委员,1402,1978,7,1981,11,
刘凌,兰州军区,副政治委员,1402,1980,12,1982,12,
张如三,兰州军区,副政治委员,1402,1980,12,1982,12,
魏佑铸,兰州军区,副政治委员,1402,1982,12,1985,6,
王子健,兰州军区,副政治委员,1402,1982,12,1985,6,
裴九洲,兰州军区,副政治委员,1402,1985,6,1988,2,
刘新增,兰州军区,副政治委员,1402,1988,2,1990,4,
宫永丰,兰州军区,副政治委员,1402,1990,4,1992,11,
王茂润,兰州军区,副政治委员,1402,1990,4,1994,12,
唐广才,兰州军区,副政治委员,1402,1992,11,1994,12,
潘兆民,兰州军区,副政治委员,1402,1992,11,1996,1,
徐寿增,兰州军区,副政治委员,1402,1992,12,1996,7,
徐永清,兰州军区,副政治委员,1402,1994,12,1996,2,
李宝祥,兰州军区,副政治委员,1402,1994,12,2003,7,
张树田,兰州军区,副政治委员,1402,1996,2,1998,12,
周永顺,兰州军区,副政治委员,1402,1997,3,2000,10,
萧怀枢,兰州军区,副政治委员,1402,1998,8,2001,7,
喻林祥,兰州军区,副政治委员,1402,2000,10,,,
彭小枫,兰州军区,副政治委员,1402,2001,7,2002,1,
陶方桂,兰州军区,副政治委员,1402,2002,1,2006,12,
刘振起,兰州军区,副政治委员,1402,2002,7,2004,7,
张秋祥,兰州军区,副政治委员,1402,2003,7,2006,12,
王金相,兰州军区,副政治委员,1402,2004,7,2007,6,
孔瑛,兰州军区,副政治委员,1402,2006,12,2008,7,
刘晓榕,兰州军区,副政治委员,1402,2006,12,2010,12,
房建国,兰州军区,副政治委员,1402,2007,7,2012,7,
李国辉,兰州军区,副政治委员,1402,2008,7,2013,7,
张国栋,兰州军区,副政治委员,1402,2010,12,2012,7,
刘健,兰州军区,副政治委员,1402,2012,7,,,
苗华,兰州军区,副政治委员,1402,2012,7,2014,7,
王建民,兰州军区,副政治委员,1402,2013,7,,,
范长秘,兰州军区,副政治委员,1402,2014,7,,,
石晓,兰州军区,副政治委员,1402,2014,12,,,
康春元,兰州军区,副政治委员,1402,2014,12,,,
张达志,兰州军区,司令员,1403,1955,5,1969,11,
皮定均,兰州军区,司令员,1403,1969,,1976,77,
韩先楚,兰州军区,司令员,1403,1973,12,1980,1,
杜义德,兰州军区,司令员,1403,1980,1,1982,12,
郑维山,兰州军区,司令员,1403,1982,,,,
赵先顺,兰州军区,司令员,1403,1985,65,1990,,
傅全有,兰州军区,司令员,1403,1990,,1992,,
王克,兰州军区,司令员,1403,1986,,1992,,
刘精松,兰州军区,司令员,1403,1992,11,1997,11,
郭伯雄,兰州军区,司令员,1403,1997,,1999,,
李乾元,兰州军区,司令员,1403,1997,11,2007,6,
王国生,兰州军区,司令员,1403,2007,6,2012,10,
刘粤军,兰州军区,司令员,1403,2012,1,2016,2,
韩练成,兰州军区,副司令员,1404,1955,5,1956,7,
杨嘉瑞,兰州军区,副司令员,1404,1955,5,1970,5,
徐国珍,兰州军区,副司令员,1404,1955,5,1977,12,
胡炳云,兰州军区,副司令员,1404,1955,11,1967,6,
康健民,兰州军区,副司令员,1404,1962,12,1977,1,
刘贤权,兰州军区,副司令员,1404,1963,6,1968,3,
李书茂,兰州军区,副司令员,1404,1965,1,1977,12,
詹大南,兰州军区,副司令员,1404,1965,6,1970,12,
江文,兰州军区,副司令员,1404,1968,12,1970,8,
郭鹏,兰州军区,副司令员,1404,1969,6,1975,8,
胡炜,兰州军区,副司令员,1404,1969,10,1974,11,
伍生荣,兰州军区,副司令员,1404,1970,3,1975,8,
王德润,兰州军区,副司令员,1404,1970,6,1975,8,
刘静海,兰州军区,副司令员,1404,1971,5,1984,3,
高锐,兰州军区,副司令员,1404,1972,5,1975,9,
张藩,兰州军区,副司令员,1404,1972,11,1975,8,
杜绍三,兰州军区,副司令员,1404,1973,11,1977,12,
黎原,兰州军区,副司令员,1404,1975,7,1978,12,
吴华夺,兰州军区,副司令员,1404,1975,8,1982,12,
胡炳云,兰州军区,副司令员,1404,1977,5,1981,11,
黄经耀,兰州军区,副司令员,1404,1977,5,1983,8,
伍生荣,兰州军区,副司令员,1404,1977,6,1982,12,
陈康,兰州军区,副司令员,1404,1977,12,1981,11,
陈宏,兰州军区,副司令员,1404,1977,12,1983,10,
何光宇,兰州军区,副司令员,1404,1978,7,1981,11,
董占林,兰州军区,副司令员,1404,1980,12,1985,6,
刘光甫,兰州军区,副司令员,1404,1982,12,1985,6,
杜绍三,兰州军区,副司令员,1404,1983,11,1985,6,
钱锡侯,兰州军区,副司令员,1404,1984,3,1985,6,
刘海清,兰州军区,副司令员,1404,1985,6,1988,2,
马伟志,兰州军区,副司令员,1404,1985,6,1988,2,
董占林,兰州军区,副司令员,1404,1986,3,1990,4,
邢世忠,兰州军区,副司令员,1404,1988,2,1994,12,
孙景华,兰州军区,副司令员,1404,1989,2,1993,1,
王克,兰州军区,副司令员,1404,1990,4,1992,10,
陈超,兰州军区,副司令员,1404,1990,6,1994,12,
傅秉耀,兰州军区,副司令员,1404,1992,10,1997,3,
邹玉琪,兰州军区,副司令员,1404,1992,11,1996,11,
王立忠,兰州军区,副司令员,1404,1992,11,1996,11,
马占民,兰州军区,副司令员,1404,1993,1,1994,4,
刘顺尧,兰州军区,副司令员,1404,1994,4,1994,10,
王志成,兰州军区,副司令员,1404,1994,12,2000,7,
李永德,兰州军区,副司令员,1404,1994,12,1999,1,
陈秀,兰州军区,副司令员,1404,1997,3,2003,12,
李良辉,兰州军区,副司令员,1404,1997,3,2000,10,
马晓天,兰州军区,副司令员,1404,1999,1,2000,12,
李乾元,兰州军区,副司令员,1404,1999,4,1999,9,
郑守增,兰州军区,副司令员,1404,1999,9,2007,6,
邹庚壬,兰州军区,副司令员,1404,2000,12,2006,8,
黄恒美,兰州军区,副司令员,1404,2000,12,2003,12,
曲方桓,兰州军区,副司令员,1404,2002,1,2003,12,
宋才文,兰州军区,副司令员,1404,2003,12,2005,12,
贾永生,兰州军区,副司令员,1404,2003,12,2006,8,
关凯,兰州军区,副司令员,1404,2005,12,2011,7,
郭洪超,兰州军区,副司令员,1404,2006,8,2012,12,
朱清益,兰州军区,副司令员,1404,2006,8,2011,12,
赵建中,兰州军区,副司令员,1404,2007,6,2013,12,
朱锦林,兰州军区,副司令员,1404,2011,7,,,
彭勃,兰州军区,副司令员,1404,2012,12,,,
何雷,兰州军区,副司令员,1404,2013,7,,,
许林平,兰州军区,副司令员,1404,2013,12,,,
张建胜,兰州军区,副司令员,1404,2013,12,,,
康生,济南军区,政治委员,1501,1949,4,,,
舒同,济南军区,政治委员,1501,1954,8,1955,3,
谭启龙,济南军区,政治委员,1501,1955,3,1956,7,
王新亭,济南军区,政治委员,1501,1955,3,1958,11,
梁必业,济南军区,政治委员,1501,1959,12,1960,12,
曾希圣,济南军区,政治委员,1501,1960,11,1961,5,
袁升平,济南军区,政治委员,1501,1960,12,1973,8,
王效禹,济南军区,政治委员,1501,1967,5,1970,6,
徐立清,济南军区,政治委员,1501,1973,11,1975,8,
任思忠,济南军区,政治委员,1501,1975,3,1975,8,
白如冰,济南军区,政治委员,1501,1975,8,1980,1,
肖望东,济南军区,政治委员,1501,1975,8,1980,1,
陈仁洪,济南军区,政治委员,1501,1982,10,1985,6,
迟浩田,济南军区,政治委员,1501,1985,6,1987,11,
宋清渭,济南军区,政治委员,1501,1987,11,1994,12,
杜铁环,济南军区,政治委员,1501,1994,12,1996,11,
徐才厚,济南军区,政治委员,1501,1996,11,1999,9,
张文台,济南军区,政治委员,1501,1999,9,2002,11,
刘冬冬,济南军区,政治委员,1501,2002,11,2010,7,
杜恒岩,济南军区,政治委员,1501,2010,7,2016,1,
傅秋涛,济南军区,副政治委员,1502,1949,4,,,
向明,济南军区,副政治委员,1502,1949,4,,,
谭启龙,济南军区,副政治委员,1502,,,1955,3,
彭嘉庆,济南军区,副政治委员,1502,1951,,1955,3,
梁必业,济南军区,副政治委员,1502,1958,11,1959,11,
李耀文,济南军区,副政治委员,1502,1965,9,1975,6,
陈美藻,济南军区,副政治委员,1502,1965,9,1975,8,
何柱成,济南军区,副政治委员,1502,1965,9,1968,7,
鲍先志,济南军区,副政治委员,1502,1969,12,1975,8,
李勃,济南军区,副政治委员,1502,1969,12,1975,8,
方正,济南军区,副政治委员,1502,1969,12,1982,10,
左齐,济南军区,副政治委员,1502,1975,8,1977,12,
任思忠,济南军区,副政治委员,1502,1975,8,1980,1,
陈仁洪,济南军区,副政治委员,1502,1977,12,1982,10,
龙潜,济南军区,副政治委员,1502,1979,3,1982,10,
阴法唐,济南军区,副政治委员,1502,1979,3,1980,6,
欧阳平,济南军区,副政治委员,1502,1980,12,1982,10,
潘启琦,济南军区,副政治委员,1502,1982,10,1985,6,
张志,济南军区,副政治委员,1502,1982,10,1985,6,
宋清渭,济南军区,副政治委员,1502,1985,6,1987,11,
曹芃生,济南军区,副政治委员,1502,1988,2,1990,4,
曲继宁,济南军区,副政治委员,1502,1990,4,1993,12,
蔡仁山,济南军区,副政治委员,1502,1990,4,1994,10,
张文台,济南军区,副政治委员,1502,1993,12,1999,9,
谭乃达,济南军区,副政治委员,1502,1994,10,1999,5,
黄学禄,济南军区,副政治委员,1502,1999,5,2002,1,
尹凤岐,济南军区,副政治委员,1502,1999,10,2005,12,
赵太忠,济南军区,副政治委员,1502,2002,1,2004,7,
陈章元,济南军区,副政治委员,1502,2004,9,2009,6,
寇宪祥,济南军区,副政治委员,1502,2005,12,2007,12,
杜恒岩,济南军区,副政治委员,1502,2007,12,2010,7,
吕建成,济南军区,副政治委员,1502,2009,6,2016,1,
王健,济南军区,副政治委员,1502,2010,7,2012,3,
白文奇,济南军区,副政治委员,1502,2012,7,2015,7,
张烈英,济南军区,副政治委员,1502,2012,12,2016,1,
于忠福,济南军区,副政治委员,1502,2012,12,2014,7,
范骁骏,济南军区,副政治委员,1502,2014,7,2015,7,
康非,济南军区,副政治委员,1502,2015,7,2016,1,
张云逸,济南军区,司令员,1503,1949,4,1950,1,
许世友,济南军区,司令员,1503,1950,1,1954,12,
王近山,济南军区,司令员,1503,1954,12,1955,3,
杨得志,济南军区,司令员,1503,1955,3,1973,12,
王新亭,济南军区,司令员,1503,1955,11,1958,12,
曾思玉,济南军区,司令员,1503,1973,12,1980,1,
饶守坤,济南军区,司令员,1503,1980,1,1985,6,
李九龙,济南军区,司令员,1503,1985,6,1990,4,
张万年,济南军区,司令员,1503,1990,4,1992,10,
张太恒,济南军区,司令员,1503,1992,10,1996,11,
钱国梁,济南军区,司令员,1503,1996,11,1999,12,
陈炳德,济南军区,司令员,1503,1999,12,2004,9,
范长龙,济南军区,司令员,1503,2004,9,2012,10,
赵宗岐,济南军区,司令员,1503,2012,11,2016,1,
许世友,济南军区,副司令员,1504,1949,4,1950,1,
袁也烈,济南军区,副司令员,1504,1949,4,,,
谭希林,济南军区,副司令员,1504,,,,,
范朝利,济南军区,副司令员,1504,1956,7,1982,10,
杨国夫,济南军区,副司令员,1504,1957,8,1975,8,
吴克华,济南军区,副司令员,1504,1957,9,1963,11,
阎揆要,济南军区,副司令员,1504,1958,5,1960,10,
陈庆先,济南军区,副司令员,1504,1960,10,1968,7,
王建安,济南军区,副司令员,1504,1961,10,1969,8,
张仁初,济南军区,副司令员,1504,1962,7,1969,11,
刘昌毅,济南军区,副司令员,1504,1963,11,1969,2,
傅家选,济南军区,副司令员,1504,1965,9,1975,8,
李水清,济南军区,副司令员,1504,1968,1,1975,6,
陈宏,济南军区,副司令员,1504,1968,11,1969,7,
成少甫,济南军区,副司令员,1504,1969,11,1975,8,
刘涌,济南军区,副司令员,1504,1969,12,1972,12,
张铚秀,济南军区,副司令员,1504,1969,12,1975,8,
熊作芳,济南军区,副司令员,1504,1969,12,1982,10,
孙继先,济南军区,副司令员,1504,1970,5,1975,8,
张宗逊,济南军区,副司令员,1504,1971,1,1973,6,
刘贤权,济南军区,副司令员,1504,1975,4,1977,12,
吴效闵,济南军区,副司令员,1504,1975,8,1977,10,
张峰,济南军区,副司令员,1504,1975,8,1985,6,
滕海清,济南军区,副司令员,1504,1975,11,1980,1,
王金泉,济南军区,副司令员,1504,1979,3,1980,12,
赵炳安,济南军区,副司令员,1504,1979,3,1982,10,
郑三生,济南军区,副司令员,1504,1980,11,1984,4,
李燧英,济南军区,副司令员,1504,1982,10,1985,6,
白斌,济南军区,副司令员,1504,1983,6,1985,6,
固辉,济南军区,副司令员,1504,1985,6,1990,4,
张志坚,济南军区,副司令员,1504,1985,6,1992,11,
马辛春,济南军区,副司令员,1504,1987,9,1990,6,
林基贵,济南军区,副司令员,1504,1987,9,1993,1,
马伟志,济南军区,副司令员,1504,1988,2,1990,4,
阎琢,济南军区,副司令员,1504,1992,10,1993,12,
曲振侔,济南军区,副司令员,1504,1992,10,1993,1,
董学林,济南军区,副司令员,1504,1992,11,1993,7,
吴光宇,济南军区,副司令员,1504,1993,1,1994,10,
王继英,济南军区,副司令员,1504,1993,1,1996,11,
杨国屏,济南军区,副司令员,1504,1993,12,1994,12,
裴怀亮,济南军区,副司令员,1504,1993,12,2003,1,
邢世忠,济南军区,副司令员,1504,1994,12,1995,7,
韩瑞阶,济南军区,副司令员,1504,1994,12,1997,11,
刘伦贤,济南军区,副司令员,1504,1995,4,1999,4,
郝保庆,济南军区,副司令员,1504,1995,7,2000,12,
张定发,济南军区,副司令员,1504,1996,11,2000,12,
郭玉祥,济南军区,副司令员,1504,1997,11,2003,1,
丁寿岳,济南军区,副司令员,1504,1999,12,2003,12,
李良辉,济南军区,副司令员,1504,2001,1,2003,7,
沈兆吉,济南军区,副司令员,1504,2000,12,2002,1,
丁一平,济南军区,副司令员,1504,2001,12,2003,6,
钟声琴,济南军区,副司令员,1504,2002,1,2003,12,
何为荣,济南军区,副司令员,1504,2003,1,2003,7,
张展南,济南军区,副司令员,1504,2003,6,2006,5,
叶爱群,济南军区,副司令员,1504,2003,7,2009,1,
刘忠兴,济南军区,副司令员,1504,2003,7,2010,12,
杨志琦,济南军区,副司令员,1504,2003,12,2006,8,
苏士亮,济南军区,副司令员,1504,2006,5,2008,1,
李洪程,济南军区,副司令员,1504,2006,8,2008,1,
冯兆举,济南军区,副司令员,1504,2006,8,2012,12,
张鹤田,济南军区,副司令员,1504,2008,1,2011,12,
田中,济南军区,副司令员,1504,2008,1,2014,12,
刘沈扬,济南军区,副司令员,1504,2009,1,2014,12,
张建平,济南军区,副司令员,1504,2010,12,2011,6,
郑群良,济南军区,副司令员,1504,2011,6,2012,12,
王军,济南军区,副司令员,1504,2011,12,2016,1,
马秋星,济南军区,副司令员,1504,2012,3,,,
陈照海,济南军区,副司令员,1504,2012,12,2014,7,
孙和荣,济南军区,副司令员,1504,2012,12,2016,1,
邱延鹏,济南军区,副司令员,1504,2013,12,2014,6,
袁誉柏,济南军区,副司令员,1504,2014,6,2016,1,
吉文明,济南军区,副司令员,1504,2014,7,2016,1,
刘志刚,济南军区,副司令员,1504,2014,12,2016,1,
饶漱石,南京军区,政治委员,1601,1947,1,1953,8,
唐亮,南京军区,政治委员,1601,1955,3,1958,9,
柯庆施,南京军区,政治委员,1601,1958,11,1965,4,
肖望东,南京军区,政治委员,1601,1961,3,1963,12,
江渭清,南京军区,政治委员,1601,1958,9,1967,4,
江华,南京军区,政治委员,1601,1962,9,1967,4,
李葆华,南京军区,政治委员,1601,1962,9,1967,4,
杜平,南京军区,政治委员,1601,1963,3,1974,11,
张春桥,南京军区,政治委员,1601,1967,5,1976,10,
廖汉生,南京军区,政治委员,1601,1975,2,1977,9,
彭冲,南京军区,政治委员,1601,1974,11,1980,6,
郭林祥,南京军区,政治委员,1601,1980,1,1982,10,
傅奎清,南京军区,政治委员,1601,1985,6,1990,4,
史玉孝,南京军区,政治委员,1601,1990,4,1992,11,
刘安元,南京军区,政治委员,1601,1992,11,1993,12,
方祖岐,南京军区,政治委员,1601,1993,12,2000,12,
雷鸣球,南京军区,政治委员,1601,2000,12,2007,9,
陈国令,南京军区,政治委员,1601,2007,9,2012,10,
郑卫平,南京军区,政治委员,1601,2012,10,2016,1,
黎玉,南京军区,副政治委员,1602,1947,1,,,
谭震林,南京军区,副政治委员,1602,1949,6,1955,3,
唐亮,南京军区,副政治委员,1602,1954,2,1955,3,
肖望东,南京军区,副政治委员,1602,1956,10,1961,3,
赖毅,南京军区,副政治委员,1602,1960,11,1963,10,
鲍先志,南京军区,副政治委员,1602,1963,3,1969,12,
周贯五,南京军区,副政治委员,1602,1963,3,1975,8,
王六生,南京军区,副政治委员,1602,1969,8,1971,11,
刘西元,南京军区,副政治委员,1602,1972,11,1980,10,
王展,南京军区,副政治委员,1602,1975,8,1980,12,
王恩茂,南京军区,副政治委员,1602,1975,11,1977,2,
王静敏,南京军区,副政治委员,1602,1980,12,1985,6,
张玉华,南京军区,副政治委员,1602,1980,12,1982,10,
陈德先,南京军区,副政治委员,1602,1980,12,1982,10,
孙克骥,南京军区,副政治委员,1602,1980,12,1982,10,
李宝奇,南京军区,副政治委员,1602,1982,10,1985,6,
史玉孝,南京军区,副政治委员,1602,1985,6,1990,4,
王永明,南京军区,副政治委员,1602,1990,4,1994,8,
裴九洲,南京军区,副政治委员,1602,1990,4,1993,12,
兰保景,南京军区,副政治委员,1602,1993,12,1998,8,
王同琢,南京军区,副政治委员,1602,1994,10,1994,12,
雷鸣球,南京军区,副政治委员,1602,1994,12,2000,10,
李继松,南京军区,副政治委员,1602,1999,1,2004,7,
刘永治,南京军区,副政治委员,1602,2000,12,2002,10,
刘卫东,南京军区,副政治委员,1602,2002,7,2005,12,
尹庆立,南京军区,副政治委员,1602,2002,7,2006,8,
熊自仁,南京军区,副政治委员,1602,2003,1,2006,12,
孙大发,南京军区,副政治委员,1602,2004,12,2005,7,
高武生,南京军区,副政治委员,1602,2005,7,2010,12,
徐建中,南京军区,副政治委员,1602,2005,12,2008,7,
王伟,南京军区,副政治委员,1602,2006,8,2009,1,
李长才,南京军区,副政治委员,1602,2006,12,2007,8,
徐德学,南京军区,副政治委员,1602,2007,10,2012,12,
岑旭,南京军区,副政治委员,1602,2008,7,2011,12,
贾延明,南京军区,副政治委员,1602,2009,1,2011,12,
吴刚,南京军区,副政治委员,1602,2010,12,2016,1,
丁海春,南京军区,副政治委员,1602,2011,12,2013,7,
宋琨,南京军区,副政治委员,1602,2011,12,2014,6,
王平,南京军区,副政治委员,1602,2012,12,2016,1,
王华勇,南京军区,副政治委员,1602,2013,7,2016,1,
于忠福,南京军区,副政治委员,1602,2014,6,2015,6,
吴长海,南京军区,副政治委员,1602,2014,12,2016,1,
刘德伟,南京军区,副政治委员,1602,2015,7,2016,,
陈毅,南京军区,司令员,1603,1947,1,1955,3,
许世友,南京军区,司令员,1603,1955,3,1973,12,
丁盛,南京军区,司令员,1603,1973,12,1977,3,
聂凤智,南京军区,司令员,1603,1977,4,1982,10,
向守志,南京军区,司令员,1603,1982,10,1990,4,
固辉,南京军区,司令员,1603,1990,4,1996,1,
陈炳德,南京军区,司令员,1603,1996,1,1999,12,
梁光烈,南京军区,司令员,1603,1999,12,2002,10,
朱文泉,南京军区,司令员,1603,2002,10,2007,6,
赵克石,南京军区,司令员,1603,2007,6,2012,10,
蔡英挺,南京军区,司令员,1603,2012,10,2016,1,
张云逸,南京军区,副司令员,1604,1947,1,1949,12,
粟裕,南京军区,副司令员,1604,1949,6,1951,10,
许世友,南京军区,副司令员,1604,1954,2,1955,3,
叶飞,南京军区,副司令员,1604,1955,3,1956,4,
郭化若,南京军区,副司令员,1604,1955,3,1969,8,
张才千,南京军区,副司令员,1604,1957,9,1971,11,
王必成,南京军区,副司令员,1604,1960,5,1969,12,
刘先胜,南京军区,副司令员,1604,1960,11,1969,8,
林维先,南京军区,副司令员,1604,1961,10,1969,12,
聂凤智,南京军区,副司令员,1604,1962,3,1977,4,
陶勇,南京军区,副司令员,1604,1963,11,1967,1,
钱钧,南京军区,副司令员,1604,1965,10,1975,8,
饶子健,南京军区,副司令员,1604,1965,10,1975,8,
廖容标,南京军区,副司令员,1604,1965,10,1975,8,
李德生,南京军区,副司令员,1604,1968,9,1974,12,
肖永银,南京军区,副司令员,1604,1970,4,1975,5,
段焕竞,南京军区,副司令员,1604,1970,4,1982,10,
周纯麟,南京军区,副司令员,1604,1970,4,1982,10,
胡大荣,南京军区,副司令员,1604,1970,4,1975,8,
熊应堂,南京军区,副司令员,1604,1970,4,1971,11,
吴仕宏,南京军区,副司令员,1604,1970,4,1975,8,
詹大南,南京军区,副司令员,1604,1970,12,1982,10,
刘昌毅,南京军区,副司令员,1604,1973,11,1975,8,
陈宏,南京军区,副司令员,1604,1975,5,1975,8,
李水清,南京军区,副司令员,1604,1975,8,1977,9,
张希钦,南京军区,副司令员,1604,1975,8,1982,10,
向守志,南京军区,副司令员,1604,1977,9,1982,10,
邓岳,南京军区,副司令员,1604,1977,12,1982,10,
何以祥,南京军区,副司令员,1604,1978,5,1982,10,
张明,南京军区,副司令员,1604,1980,12,1985,6,
唐述棣,南京军区,副司令员,1604,1982,10,1985,6,
王子波,南京军区,副司令员,1604,1982,10,1985,6,
郭涛,南京军区,副司令员,1604,1985,6,1992,3,
王成斌,南京军区,副司令员,1604,1985,6,1990,4,
聂奎聚,南京军区,副司令员,1604,1987,9,1992,7,
姜玉田,南京军区,副司令员,1604,1987,9,1993,1,
郭锡章,南京军区,副司令员,1604,1990,4,1996,7,
张太恒,南京军区,副司令员,1604,1992,3,1992,10,
何其宗,南京军区,副司令员,1604,1992,11,1999,4,
刘伦贤,南京军区,副司令员,1604,1992,11,1993,12,
曲振侔,南京军区,副司令员,1604,1993,1,,,
孙景华,南京军区,副司令员,1604,1993,1,,,
阎琢,南京军区,副司令员,1604,1993,12,1996,11,
杨玉书,南京军区,副司令员,1604,1993,12,1999,10,
谢德财,南京军区,副司令员,1604,1993,12,1996,7,
董万瑞,南京军区,副司令员,1604,1996,7,2004,7,
卢登华,南京军区,副司令员,1604,1996,7,2000,12,
郑炳清,南京军区,副司令员,1604,1996,11,2000,12,
黄信生,南京军区,副司令员,1604,1999,4,2002,11,
赵国钧,南京军区,副司令员,1604,1999,12,2006,8,
马殿圣,南京军区,副司令员,1604,1999,12,2005,7,
林炳尧,南京军区,副司令员,1604,2000,12,2008,1,
马晓天,南京军区,副司令员,1604,2000,12,2003,7,
刘成军,南京军区,副司令员,1604,2003,7,2004,12,
徐承云,南京军区,副司令员,1604,2004,7,2009,1,
江建曾,南京军区,副司令员,1604,2004,12,2010,12,
徐小岩,南京军区,副司令员,1604,2005,7,2005,12,
王洪光,南京军区,副司令员,1604,2005,12,2012,12,
徐洪猛,南京军区,副司令员,1604,2006,8,2009,12,
王教成,南京军区,副司令员,1604,2008,1,2012,10,
宋普选,南京军区,副司令员,1604,2009,1,2013,7,
杜景臣,南京军区,副司令员,1604,2009,12,2010,12,
乙晓光,南京军区,副司令员,1604,2010,12,2012,12,
苏支前,南京军区,副司令员,1604,2010,12,2016,1,
秦卫江,南京军区,副司令员,1604,2010,12,2016,1,
郑群良,南京军区,副司令员,1604,2012,12,2013,7,
蒋谟祥,南京军区,副司令员,1604,2012,12,2016,1,
尤海涛,南京军区,副司令员,1604,2013,7,2016,1,
黄国显,南京军区,副司令员,1604,2013,7,2016,1,
罗荣桓,广州军区,政治委员,1701,1949,12,1955,3,
邓子恢,广州军区,政治委员,1701,1949,12,1955,3,
谭政,广州军区,政治委员,1701,1950,3,1955,3,
陶铸,广州军区,政治委员,1701,1955,3,1966,11,
刘兴元,广州军区,政治委员,1701,1959,11,1972,3,
韦国清,广州军区,政治委员,1701,1966,11,1980,1,
赵紫阳,广州军区,政治委员,1701,1966,11,1967,5,
孔石泉,广州军区,政治委员,1701,1966,11,1967,5,
韦祖珍,广州军区,政治委员,1701,1971,1,1978,7,
任思忠,广州军区,政治委员,1701,1971,1,1974,4,
华国锋,广州军区,政治委员,1701,1971,10,1975,8,
张平化,广州军区,政治委员,1701,1975,8,1977,5,
向仲华,广州军区,政治委员,1701,1977,9,1980,1,
习仲勋,广州军区,政治委员,1701,1978,7,1980,1,
王猛,广州军区,政治委员,1701,1981,7,1985,6,
张仲先,广州军区,政治委员,1701,1985,6,1992,10,
史玉孝,广州军区,政治委员,1701,1992,10,1998,8,
刘书田,广州军区,政治委员,1701,1998,8,2003,12,
杨德清,广州军区,政治委员,1701,2003,12,2007,9,
张阳,广州军区,政治委员,1701,2007,9,2012,10,
魏亮,广州军区,政治委员,1701,2012,10,2016,1,
谭政,广州军区,副政治委员,1702,1949,12,1950,3,
刘兴元,广州军区,副政治委员,1702,1955,3,1959,11,
晏福生,广州军区,副政治委员,1702,1961,4,1975,8,
方正平,广州军区,副政治委员,1702,1964,6,1975,8,
肖元礼,广州军区,副政治委员,1702,1965,5,1975,8,
郭成柱,广州军区,副政治委员,1702,1965,5,1972,8,
陈发洪,广州军区,副政治委员,1702,1965,5,1970,3,
任思忠,广州军区,副政治委员,1702,1967,12,1971,2,
杨树根,广州军区,副政治委员,1702,1969,10,1982,10,
訾修林,广州军区,副政治委员,1702,1969,11,1975,8,
卜占亚,广州军区,副政治委员,1702,1970,5,1973,7,
钟汉华,广州军区,副政治委员,1702,1972,5,1975,8,
彭嘉庆,广州军区,副政治委员,1702,1972,11,1975,8,
邓逸凡,广州军区,副政治委员,1702,1975,7,,,
姜林东,广州军区,副政治委员,1702,1975,8,1982,10,
单印章,广州军区,副政治委员,1702,1975,8,1985,6,
邓逸凡,广州军区,副政治委员,1702,1977,12,1982,10,
谷景生,广州军区,副政治委员,1702,1978,12,1980,12,
卢伟如,广州军区,副政治委员,1702,1982,10,1985,1,
刘安元,广州军区,副政治委员,1702,1985,6,1987,11,
谷善庆,广州军区,副政治委员,1702,1988,4,1990,4,
高天正,广州军区,副政治委员,1702,1990,4,1994,12,
刘新增,广州军区,副政治委员,1702,1990,4,1994,12,
王同琢,广州军区,副政治委员,1702,1994,12,2003,12,
刘书田,广州军区,副政治委员,1702,1994,12,1998,8,
张国初,广州军区,副政治委员,1702,1998,8,2004,12,
马国文,广州军区,副政治委员,1702,2000,12,2004,12,
邬华扬,广州军区,副政治委员,1702,2001,7,2003,6,
朱永清,广州军区,副政治委员,1702,2001,7,2006,8,
童世平,广州军区,副政治委员,1702,2003,6,2004,12,
周遇奇,广州军区,副政治委员,1702,2004,12,2008,1,
陈国令,广州军区,副政治委员,1702,2004,12,2007,6,
徐一天,广州军区,副政治委员,1702,2004,12,2005,12,
黄嘉祥,广州军区,副政治委员,1702,2005,12,2012,6,
王玉发,广州军区,副政治委员,1702,2006,8,2012,12,
张汝成,广州军区,副政治委员,1702,2007,6,2012,6,
田义功,广州军区,副政治委员,1702,2008,1,2012,12,
刘良凯,广州军区,副政治委员,1702,2010,7,2012,6,
刘长银,广州军区,副政治委员,1702,2012,6,2016,1,
王登平,广州军区,副政治委员,1702,2012,6,2014,12,
杨玉文,广州军区,副政治委员,1702,2012,12,2016,1,
胡秀堂,广州军区,副政治委员,1702,2012,12,2014,12,
刘明利,广州军区,副政治委员,1702,2014,12,2016,1,
安兆庆,广州军区,副政治委员,1702,2014,12,2016,1,
林彪,广州军区,司令员,1703,1949,12,1955,3,
叶剑英,广州军区,司令员,1703,1952,6,1955,3,
黄永胜,广州军区,司令员,1703,1955,3,1969,7,
李天佑,广州军区,司令员,1703,1958,1,1960,12,
丁盛,广州军区,司令员,1703,1969,7,1973,12,
许世友,广州军区,司令员,1703,1973,12,1980,1,
吴克华,广州军区,司令员,1703,1980,1,1982,10,
尤太忠,广州军区,司令员,1703,1982,10,1987,12,
张万年,广州军区,司令员,1703,1987,12,1990,4,
刘存智,广州军区,司令员,1703,1989,5,,,
朱敦法,广州军区,司令员,1703,1990,4,1992,10,
李希林,广州军区,司令员,1703,1992,10,1995,12,
陶伯钧,广州军区,司令员,1703,1995,12,2002,1,
刘镇武,广州军区,司令员,1703,2002,1,2007,6,
章沁生,广州军区,司令员,1703,2007,6,2009,12,
徐粉林,广州军区,司令员,1703,2009,12,2016,1,
叶剑英,广州军区,副司令员,1704,1952,6,1955,3,
黄永胜,广州军区,副司令员,1704,1954,3,1955,3,
王树声,广州军区,副司令员,1704,1954,3,1955,3,
陈再道,广州军区,副司令员,1704,1954,3,1955,3,
文年生,广州军区,副司令员,1704,1955,3,1968,6,
梁兴初,广州军区,副司令员,1704,1955,3,1967,3,
詹才芳,广州军区,副司令员,1704,1955,3,1975,8,
李天佑,广州军区,副司令员,1704,1957,8,1962,9,
吴富善,广州军区,副司令员,1704,1960,3,1968,5,
温玉成,广州军区,副司令员,1704,1960,5,1967,11,
庄田,广州军区,副司令员,1704,1960,5,1966,5,
杨梅生,广州军区,副司令员,1704,1961,4,1975,8,
吴瑞林,广州军区,副司令员,1704,1963,11,1968,8,
江燮元,广州军区,副司令员,1704,1967,8,1982,10,
吴纯仁,广州军区,副司令员,1704,1967,12,1977,12,
丁盛,广州军区,副司令员,1704,1968,2,1969,7,
邱国光,广州军区,副司令员,1704,1968,2,1975,8,
叶建民,广州军区,副司令员,1704,1968,5,1982,10,
黄荣海,广州军区,副司令员,1704,1969,11,1982,10,
欧致富,广州军区,副司令员,1704,1969,11,1982,6,
颜德明,广州军区,副司令员,1704,1969,11,1975,8,
陈海涵,广州军区,副司令员,1704,1969,11,1975,8,
钟赤兵,广州军区,副司令员,1704,1971,10,1975,8,
吴富善,广州军区,副司令员,1704,1974,2,1975,8,
刘鹤翘,广州军区,副司令员,1704,1976,10,1982,10,
鲁瑞林,广州军区,副司令员,1704,1977,5,,,
吴忠,广州军区,副司令员,1704,1977,9,1980,1,
刘昌毅,广州军区,副司令员,1704,1978,12,1982,10,
朱月华,广州军区,副司令员,1704,1980,12,1985,6,
徐芳春,广州军区,副司令员,1704,1981,12,1984,5,
张序登,广州军区,副司令员,1704,1982,10,1985,6,
刘存智,广州军区,副司令员,1704,1985,6,1990,4,
张万年,广州军区,副司令员,1704,1985,6,1987,12,
陈明山,广州军区,副司令员,1704,1987,9,1988,1,
刘鹤翘,广州军区,副司令员,1704,1987,11,1993,,
高振家,广州军区,副司令员,1704,1988,1,1993,12,
李新良,广州军区,副司令员,1704,1988,2,1992,10,
李希林,广州军区,副司令员,1704,1990,4,1992,10,
周玉书,广州军区,副司令员,1704,1992,12,1995,12,
王申,广州军区,副司令员,1704,1992,12,1994,12,
杨正刚,广州军区,副司令员,1704,1993,1,1997,11,
陶伯钧,广州军区,副司令员,1704,1993,12,1995,12,
何林忠,广州军区,副司令员,1704,1993,12,1994,10,
文国庆,广州军区,副司令员,1704,1994,12,1999,2,
王永国,广州军区,副司令员,1704,1994,12,2002,1,
龚谷成,广州军区,副司令员,1704,1996,11,2003,12,
谭冬生,广州军区,副司令员,1704,1997,,2003,12,
韩瑞阶,广州军区,副司令员,1704,1997,11,2001,1,
刘镇武,广州军区,副司令员,1704,1999,1,2002,1,
卢登华,广州军区,副司令员,1704,2000,12,2003,12,
宋文汉,广州军区,副司令员,1704,2002,1,,,
吴胜利,广州军区,副司令员,1704,2002,1,2004,7,
欧金谷,广州军区,副司令员,1704,2002,11,2008,1,
丁寿岳,广州军区,副司令员,1704,2003,12,2008,1,
高春翔,广州军区,副司令员,1704,2003,12,2008,1,
高守维,广州军区,副司令员,1704,2003,12,2011,6,
顾文根,广州军区,副司令员,1704,2004,7,2007,12,
王继堂,广州军区,副司令员,1704,2008,1,2009,12,
郑勤,广州军区,副司令员,1704,2008,1,2014,12,
吕丁文,广州军区,副司令员,1704,2008,1,2014,6,
苏士亮,广州军区,副司令员,1704,2008,1,2009,1,
苏支前,广州军区,副司令员,1704,2009,1,2010,12,
王治民,广州军区,副司令员,1704,2009,12,2014,6,
邢书成,广州军区,副司令员,1704,2010,12,2016,1,
蒋伟烈,广州军区,副司令员,1704,2010,12,2014,12,
张建平,广州军区,副司令员,1704,2011,6,2012,12,
徐安祥,广州军区,副司令员,1704,2012,12,2016,1,
陈照海,广州军区,副司令员,1704,2014,6,2016,1,
王晓军,广州军区,副司令员,1704,2014,6,2016,1,
贾晓炜,广州军区,副司令员,1704,2014,12,2016,1,
沈金龙,广州军区,副司令员,1704,2014,12,2016,1,
李井泉,成都军区,政治委员,1801,1955,5,1967,4,
郭林祥,成都军区,政治委员,1801,1950,,,,
严政,成都军区,政治委员,1801,1958,,,,
刘兴元,成都军区,政治委员,1801,1972,3,1975,10,
廖志高,成都军区,政治委员,1801,1965,11,1970,12,
甘渭汉,成都军区,政治委员,1801,1965,11,1972,12,
张国华,成都军区,政治委员,1801,1967,5,1972,2,
陈仁麒,成都军区,政治委员,1801,1970,12,1973,2,
谢家祥,成都军区,政治委员,1801,,,,,
谢政,成都军区,政治委员,1801,,,,,
刘兴元,成都军区,政治委员,1801,1972,3,1975,10,
李大章,成都军区,政治委员,1801,1971,11,1975,8,
陈先瑞,成都军区,政治委员,1801,1975,,1979,,
赵紫阳,成都军区,政治委员,1801,1975,10,1978,2,
孔石泉,成都军区,政治委员,1801,,,,,
钟汉华,成都军区,政治委员,1801,,,,,
徐立清,成都军区,政治委员,1801,1980,6,1982,10,
谭启龙,成都军区,政治委员,1801,1980,6,1982,10,
万海峰,成都军区,政治委员,1801,1982,10,1990,4,
谷善庆,成都军区,政治委员,1801,1990,4,1992,10,
張工,成都军区,政治委员,1801,,,,,
张志坚,成都军区,政治委员,1801,1993,12,1999,5,
杨德清,成都军区,政治委员,1801,1999,5,2003,12,
刘书田,成都军区,政治委员,1801,2003,12,,,
张海阳,成都军区,政治委员,1801,2005,12,2009,12,
田修思,成都军区,政治委员,1801,2009,12,2012,10,
朱福熙,成都军区,政治委员,1801,2012,1,2016,1,
阎红彦,成都军区,副政治委员,1802,1955,5,1959,11,
郭林祥,成都军区,副政治委员,1802,1955,5,1959,11,
余洪远,成都军区,副政治委员,1802,1962,12,1970,7,
余述生,成都军区,副政治委员,1802,1964,2,1973,8,
刘结挺,成都军区,副政治委员,1802,1967,7,1971,1,
谢家祥,成都军区,副政治委员,1802,1967,7,1970,12,
谢云晖,成都军区,副政治委员,1802,1970,3,1975,8,
何云峰,成都军区,副政治委员,1802,1970,5,1975,5,
段思英,成都军区,副政治委员,1802,1970,5,1977,12,
欧阳平,成都军区,副政治委员,1802,1970,12,1975,8,
任荣,成都军区,副政治委员,1802,1971,9,1980,8,
余洪远,成都军区,副政治委员,1802,1973,3,1975,8,
罗应怀,成都军区,副政治委员,1802,1975,5,1977,12,
魏伯亭,成都军区,副政治委员,1802,1975,8,1977,12,
余述生,成都军区,副政治委员,1802,1977,12,1982,10,
胡继成,成都军区,副政治委员,1802,1977,12,1979,1,
谷善庆,成都军区,副政治委员,1802,1979,1,1982,10,
欧阳平,成都军区,副政治委员,1802,1979,5,1982,10,
金忠藩,成都军区,副政治委员,1802,1979,7,1982,10,
鲁加汉,成都军区,副政治委员,1802,1979,7,1982,10,
阴法唐,成都军区,副政治委员,1802,1980,6,1985,6,
王金泉,成都军区,副政治委员,1802,1982,10,1985,6,
牛击,成都军区,副政治委员,1802,1982,10,1985,6,
李硕,成都军区,副政治委员,1802,1985,6,1988,6,
艾维仁,成都军区,副政治委员,1802,1988,6,1990,4,
王永宁,成都军区,副政治委员,1802,1990,4,1993,12,
邵农,成都军区,副政治委员,1802,1990,4,1993,12,
张少松,成都军区,副政治委员,1802,1992,11,1995,7,
郑贤斌,成都军区,副政治委员,1802,1993,12,1997,11,
吴润忠,成都军区,副政治委员,1802,1993,12,2000,12,
姜福堂,成都军区,副政治委员,1802,1993,12,1995,9,
杨德福,成都军区,副政治委员,1802,1997,11,2000,6,
屈全绳,成都军区,副政治委员,1802,2000,6,2007,6,
马子龙,成都军区,副政治委员,1802,2000,12,2006,12,
胡永柱,成都军区,副政治委员,1802,2006,12,2007,12,
段禄定,成都军区,副政治委员,1802,2007,6,2010,7,
赵开增,成都军区,副政治委员,1802,2007,12,,,
刘长银,成都军区,副政治委员,1802,2010,7,,,
贺炳炎,成都军区,司令员,1803,1955,5,1960,7,
黄新廷,成都军区,司令员,1803,1960,8,1967,3,
梁兴初,成都军区,司令员,1803,1967,3,1973,7,
秦基伟,成都军区,司令员,1803,1973,7,1975,10,
刘兴元,成都军区,司令员,1803,1975,1,1977,9,
吴克华,成都军区,司令员,1803,1977,9,1979,1,
尤太忠,成都军区,司令员,1803,1980,1,1982,1,
王诚汉,成都军区,司令员,1803,1982,1,1985,6,
傅全有,成都军区,司令员,1803,,,,,
张太恒,成都军区,司令员,1803,,,,,
李九龙,成都军区,司令员,1803,1991,11,1994,,
隗福臨,成都军区,司令员,1803,1994,,1995,,
廖锡龙,成都军区,司令员,1803,1995,,2002,11,
王建民,成都军区,司令员,1803,2002,11,2007,,
李世明,成都军区,司令员,1803,2007,9,2013,7,
李作成,成都军区,司令员,1803,2013,7,2015,12,
何正文,成都军区,副司令员,1804,1955,5,1959,3,
李文清,成都军区,副司令员,1804,1955,5,1959,6,
何正文,成都军区,副司令员,1804,1962,6,1974,11,
黄新廷,成都军区,副司令员,1804,1957,9,1960,8,
韦杰,成都军区,副司令员,1804,1957,9,1982,10,
李文清,成都军区,副司令员,1804,1962,6,1975,8,
邓少东,成都军区,副司令员,1804,1965,5,1975,8,
胡继成,成都军区,副司令员,1804,1967,9,1977,12,
胡炳云,成都军区,副司令员,1804,1967,9,1977,12,
王诚汉,成都军区,副司令员,1804,1969,3,1982,10,
王东保,成都军区,副司令员,1804,1969,7,1982,10,
谢正荣,成都军区,副司令员,1804,1969,8,1977,12,
温玉成,成都军区,副司令员,1804,1970,6,1971,11,
郑本炎,成都军区,副司令员,1804,1971,3,1975,8,
陈宏,成都军区,副司令员,1804,1971,11,1975,8,
茹夫一,成都军区,副司令员,1804,1972,9,1982,10,
陈明义,成都军区,副司令员,1804,1973,11,1985,6,
肖永银,成都军区,副司令员,1804,1975,5,1977,12,
梁中玉,成都军区,副司令员,1804,1975,8,1979,1,
赵文进,成都军区,副司令员,1804,1977,12,1982,10,
李文清,成都军区,副司令员,1804,1979,1,1982,10,
徐成功,成都军区,副司令员,1804,1980,12,1982,10,
阎守庆,成都军区,副司令员,1804,1980,12,1985,6,
王金泉,成都军区,副司令员,1804,1980,12,1982,10,
张志礼,成都军区,副司令员,1804,1982,10,1985,6,
廖锡龙,成都军区,副司令员,1804,1985,6,1995,7,
张太恒,成都军区,副司令员,1804,1985,6,1990,4,
马秉臣,成都军区,副司令员,1804,1986,5,1993,12,
侯书军,成都军区,副司令员,1804,1987,9,1991,9,
张德福,成都军区,副司令员,1804,1990,4,1991,6,
姜洪泉,成都军区,副司令员,1804,1991,4,1992,11,
谢德财,成都军区,副司令员,1804,1991,9,1993,12,
迟云秀,成都军区,副司令员,1804,1992,11,1994,12,
朱成友,成都军区,副司令员,1804,1993,12,1996,4,
黄恒美,成都军区,副司令员,1804,1993,12,2001,1,
陈世俊,成都军区,副司令员,1804,1994,12,2004,12,
陈显华,成都军区,副司令员,1804,1996,1,2001,7,
刘宝臣,成都军区,副司令员,1804,1996,7,2002,1,
傅秉耀,成都军区,副司令员,1804,1997,3,2003,7,
金仁燮,成都军区,副司令员,1804,2000,6,2003,1,
汪超群,成都军区,副司令员,1804,2001,1,2005,12,
蒙进喜,成都军区,副司令员,1804,2001,7,2007,12,
桂全智,成都军区,副司令员,1804,2002,1,2006,12,
刘亚红,成都军区,副司令员,1804,2003,1,2003,12,
方殿荣,成都军区,副司令员,1804,2003,7,,,
范晓光,成都军区,副司令员,1804,2003,12,2008,7,
李世明,成都军区,副司令员,1804,2006,12,2007,9,
吕登明,成都军区,副司令员,1804,2007,9,2009,1,
李作成,成都军区,副司令员,1804,2007,12,2013,7,
董贵山,成都军区,副司令员,1804,2008,7,2009,12,
阮志柏,成都军区,副司令员,1804,2009,1,2012,5,
舒玉泰,成都军区,副司令员,1804,2009,12,2014,12,
艾虎生,成都军区,副司令员,1804,2012,7,2014,12,
战厚顺,成都军区,副司令员,1804,2013,1,,,
杨金山,成都军区,副司令员,1804,2013,7,2014,10,
石香元,成都军区,副司令员,1804,2014,1,2015,7,
周小周,成都军区,副司令员,1804,2014,12,,,
李凤彪,成都军区,副司令员,1804,2014,12,,,
郑和,成都军区,副司令员,1804,2015,7,,,
朱福熙,西部战区,政治委员,1901,2016,1,2017,1,
吴社洲,西部战区,政治委员,1901,2017,1,,,
何平,西部战区,副政治委员,1902,2016,,2017,,
徐忠波,西部战区,副政治委员,1902,2016,,2018,4,
舒清友,西部战区,副政治委员,1902,2016,1,2018,12,
赵瑞宝,西部战区,副政治委员,1902,2018,4,,,
徐德清,西部战区,副政治委员,1902,2018,4,,,
姜平,西部战区,副政治委员,1902,2018,12,,,
赵宗岐,西部战区,司令员,1903,2016,1,,,
戎贵卿,西部战区,副司令员,1904,2016,1,,,
何清成,西部战区,副司令员,1904,2016,1,,,
何卫东,西部战区,副司令员,1904,2016,1,,,
战厚顺,西部战区,副司令员,1904,2016,1,,,
许林平,西部战区,副司令员,1904,2016,,2017,12,
韩胜延,西部战区,副司令员,1904,2016,,2018,7,
刘小午,西部战区,副司令员,1904,2017,1,,,
王强,西部战区,副司令员,1904,2018,7,,,
郑卫平,东部战区,政治委员,2001,2016,1,2017,8,
何平,东部战区,政治委员,2001,2017,8,,,
王平,东部战区,副政治委员,2002,2016,1,2017,1,
廖可铎,东部战区,副政治委员,2002,2016,1,,,
王华勇,东部战区,副政治委员,2002,2016,1,2018,7,
刘德伟,东部战区,副政治委员,2002,2016,1,2018,7,
尹洪文,东部战区,副政治委员,2002,2017,8,,,
刘青松,东部战区,副政治委员,2002,2018,7,,,
袁华智,东部战区,副政治委员,2002,2018,12,2019,4,
刘粤军,东部战区,司令员,2003,2016,1,,,
杨晖,东部战区,副司令员,2004,2016,1,2018,8,
顾祥兵,东部战区,副司令员,2004,2016,1,,,
孙和荣,东部战区,副司令员,2004,2016,1,,,
秦卫江,东部战区,副司令员,2004,2016,1,2018,12,
苏支前,东部战区,副司令员,2004,2016,1,2017,1,
黄国显,东部战区,副司令员,2004,2016,1,,,
魏钢,东部战区,副司令员,2004,2017,1,,,
徐起零,东部战区,副司令员,2004,2018,12,,,
殷方龙,中部战区,政治委员,2101,2016,1,2018,12,
朱生岭,中部战区,政治委员,2101,2019,4,,,
侯贺华,中部战区,副政治委员,2102,2016,1,2017,1,
吴社洲,中部战区,副政治委员,2102,2016,1,2017,1,
刘绍亮,中部战区,副政治委员,2102,2016,,2017,1,
郑璇,中部战区,副政治委员,2102,2017,1,,,
周皖柱,中部战区,副政治委员,2102,2017,1,,,
郭普校,中部战区,副政治委员,2102,2017,,,,
韩卫国,中部战区,司令员,2103,2016,1,2017,8,
乙晓光,中部战区,司令员,2103,2017,8,,,
李凤彪,中部战区,副司令员,2104,2016,1,2019,3,
张义瑚,中部战区,副司令员,2104,2016,1,,,
史鲁泽,中部战区,副司令员,2104,2016,1,2017,1,
王军,中部战区,副司令员,2104,2016,,2017,1,
庄可柱,中部战区,副司令员,2104,2016,1,2018,7,
张旭东,中部战区,副司令员,2104,2017,1,,,
范承才,中部战区,副司令员,2104,2017,12,,,
韩胜延,中部战区,副司令员,2104,2018,7,,,
褚益民,北部战区,政治委员,2201,2016,1,2017,1,
范骁骏,北部战区,政治委员,2201,2017,1,,,
刘建,北部战区,副政治委员,2202,2016,1,2018,6,
徐远林,北部战区,副政治委员,2202,2016,1,2016,5,
康非,北部战区,副政治委员,2202,2016,1,,,
白文奇,北部战区,副政治委员,2202,2016,1,2018,12,
石晓,北部战区,副政治委员,2202,2016,5,,,
宋普选,北部战区,司令员,2203,2016,1,2017,8,
李桥铭,北部战区,司令员,2203,2017,8,,,
王西欣,北部战区,副司令员,2204,2016,1,2017,1,
李桥铭,北部战区,副司令员,2204,2016,1,2017,8,
袁誉柏,北部战区,副司令员,2204,2016,1,2017,1,
丁来杭,北部战区,副司令员,2204,2016,1,2017,8,
王长江,北部战区,副司令员,2204,2016,1,,,
王伟,北部战区,副司令员,2204,2016,1,,,
石正露,北部战区,副司令员,2204,2017,1,,,
张文旦,北部战区,副司令员,2204,2017,1,2017,12,
许学强,北部战区,副司令员,2204,2017,8,,,
王印芳,北部战区,副司令员,2204,2017,12,,,
李玉杰,北部战区,副司令员,2204,2017,12,,,
魏亮,南部战区,政治委员,2301,2016,1,2018,4,
王建武,南部战区,政治委员,2301,2018,12,,,
杨玉文,南部战区,副政治委员,2302,2016,1,2017,11,
白吕,南部战区,副政治委员,2302,2016,1,,,
刘明利,南部战区,副政治委员,2302,2016,1,,,
安兆庆,南部战区,副政治委员,2302,2016,1,2017,1,
徐西盛,南部战区,副政治委员,2302,2017,1,,,
岳世鑫,南部战区,副政治委员,2302,2017,12,2018,,
姚永良,南部战区,副政治委员,2302,2017,12,,,
王教成,南部战区,司令员,2303,2016,1,2017,1,
袁誉柏,南部战区,司令员,2303,2017,1,,,
魏钢,南部战区,副司令员,2304,2016,1,2017,1,
陈照海,南部战区,副司令员,2304,2016,1,2017,12,
常丁求,南部战区,副司令员,2304,2016,1,2018,7,
刘小午,南部战区,副司令员,2304,2016,1,2017,1,
沈金龙,南部战区,副司令员,2304,2016,1,2017,1,
徐安祥,南部战区,副司令员,2304,2016,1,2017,12,
王海（2）,南部战区,副司令员,2304,2017,1,,,
董军,南部战区,副司令员,2304,2017,1,,,
张践,南部战区,副司令员,2304,2017,8,,,
周利,南部战区,副司令员,2304,2017,12,,,
刘亚永,南部战区,副司令员,2304,2018,4,,,
贾志刚,南部战区,副司令员,2304,2018,10,,,
彭德怀,新疆军区,司令员,2403,1949,12,1955,3,
王震,新疆军区,司令员,2403,1949,12,1955,3,
王恩茂,新疆军区,司令员,2403,1955,3,1968,8,
龙书金,新疆军区,司令员,2403,1968,8,1972,12,
曹思明,新疆军区,司令员,2403,1972,7,1973,6,
杨勇,新疆军区,司令员,2403,1973,6,1977,7,
刘震,新疆军区,司令员,2403,1977,7,1979,2,
吴克华,新疆军区,司令员,2403,1979,2,1980,1,
肖全夫,新疆军区,司令员,2403,1980,1,1985,6,
彭德怀,新疆军区,政治委员,2401,1949,12,1955,3,
王震,新疆军区,政治委员,2401,1949,12,1952,9,
王恩茂,新疆军区,政治委员,2401,1952,9,1955,3,
王恩茂,新疆军区,政治委员,2401,1955,3,1968,8,
曹思明,新疆军区,政治委员,2401,1968,9,1971,2,
曹思明,新疆军区,政治委员,2401,1971,2,1972,7,
赛福鼎,新疆军区,政治委员,2401,1972,7,1973,6,
曹思明,新疆军区,政治委员,2401,1973,6,1975,8,
郭林祥,新疆军区,政治委员,2401,1975,8,1978,1,
司马义,新疆军区,政治委员,2401,1975,8,1982,1,
汪锋,新疆军区,政治委员,2401,1978,1,1982,1,
郭林祥,新疆军区,政治委员,2401,1978,1,1980,1,
谭友林,新疆军区,政治委员,2401,1980,1,1983,10,
谷景生,新疆军区,政治委员,2401,1981,2,1982,10,
王恩茂,新疆军区,政治委员,2401,1982,1,1985,6,
谭善和,新疆军区,政治委员,2401,1983,10,1985,6,
王恩茂,新疆军区,党委第一书记,2401,1953,8,1968,8,
龙书金,新疆军区,党委第一书记,2401,1968,8,1972,7,
赛福鼎,新疆军区,党委第一书记,2401,1972,7,1973,6,
汪锋,新疆军区,党委第一书记,2401,1978,1,1982,1,
王震,新疆军区,副司令员,2404,1949,12,1955,3,
陶峙岳,新疆军区,副司令员,2404,1949,12,1968,10,
赛福鼎,新疆军区,副司令员,2404,1949,12,1972,7,
郭鹏,新疆军区,副司令员,2404,1954,3,1969,6,
张希钦,新疆军区,副司令员,2404,1955,3,1960,9,
徐国贤,新疆军区,副司令员,2404,1960,9,1975,9,
丁盛,新疆军区,副司令员,2404,1964,8,1969,7,
幸元林,新疆军区,副司令员,2404,1965,5,1980,12,
张竭诚,新疆军区,副司令员,2404,1968,9,1982,10,
亓谦斋,新疆军区,副司令员,2404,1968,9,1973,11,
罗荣,新疆军区,副司令员,2404,1969,1,1972,5,
陆敬轩,新疆军区,副司令员,2404,1969,1,1975,8,
刘发秀,新疆军区,副司令员,2404,1969,10,1975,8,
赖光勋,新疆军区,副司令员,2404,1970,3,1981,4,
李长林,新疆军区,副司令员,2404,1970,5,1983,5,
谭善和,新疆军区,副司令员,2404,1973,12,1975,12,
谭友林,新疆军区,副司令员,2404,1975,6,1977,12,
郑三生,新疆军区,副司令员,2404,1975,8,1980,11,
艾则佐,新疆军区,副司令员,2404,1975,8,1985,6,
刘发秀,新疆军区,副司令员,2404,1977,12,1980,12,
刘海清,新疆军区,副司令员,2404,1979,6,1985,6,
王扶之,新疆军区,副司令员,2404,1980,5,1985,6,
马森,新疆军区,副司令员,2404,1982,10,1985,6,
王恩茂,新疆军区,副政治委员,2402,1952,9,1955,3,
徐立清,新疆军区,副政治委员,2402,1951,1,1954,10,
曾涤,新疆军区,副政治委员,2402,1955,3,1956,10,
李铨,新疆军区,副政治委员,2402,1956,10,1959,12,
左齐,新疆军区,副政治委员,2402,1956,10,1975,7,
裴周玉,新疆军区,副政治委员,2402,1964,8,1975,8,
谭开云,新疆军区,副政治委员,2402,1965,1,1973,11,
曹达诺,新疆军区,副政治委员,2402,1965,5,1985,6,
熊晃,新疆军区,副政治委员,2402,1965,5,1975,8,
张仲翰,新疆军区,副政治委员,2402,1966,3,1968,9,
胡华居,新疆军区,副政治委员,2402,1969,1,1975,8,
姜林东,新疆军区,副政治委员,2402,1969,12,1975,9,
何林兆,新疆军区,副政治委员,2402,1970,3,1982,10,
罗荣,新疆军区,副政治委员,2402,1972,3,1981,1,
颜金生,新疆军区,副政治委员,2402,1975,8,1977,9,
谭友林,新疆军区,副政治委员,2402,1977,12,1980,1,
魏佑铸,新疆军区,副政治委员,2402,1977,12,1982,10,
康立泽,新疆军区,副政治委员,2402,1977,12,1985,6,
刘凌,新疆军区,副政治委员,2402,1982,10,1985,6,
谢富治,昆明军区,司令员,2503,1955,3,1957,7,
秦基伟,昆明军区,司令员,2503,1957,9,1967,1,
王必成,昆明军区,司令员,2503,1971,4,1979,1,
杨得志,昆明军区,司令员,2503,1979,1,1980,1,
张铚秀,昆明军区,司令员,2503,1980,1,1985,6,
谢富治,昆明军区,政治委员,2501,1955,3,1957,8,
阎红彦,昆明军区,政治委员,2501,1959,11,1967,1,
金如柏,昆明军区,政治委员,2501,1959,11,1962,9,
李成芳,昆明军区,政治委员,2501,1962,9,1975,6,
谭甫仁,昆明军区,政治委员,2501,1968,5,1970,12,
周兴,昆明军区,政治委员,2501,1971,9,1975,10,
刘志坚,昆明军区,政治委员,2501,1975,5,1982,10,
贾启允,昆明军区,政治委员,2501,1975,10,1977,2,
安平生,昆明军区,政治委员,2501,1977,2,1982,10,
谢振华,昆明军区,政治委员,2501,1982,10,1985,6,
陈再道,武汉军区,司令员,2603,1955,5,1967,7,
曾思玉,武汉军区,司令员,2603,1967,8,1973,12,
杨得志,武汉军区,司令员,2603,1974,1,1978,12,
王必成,武汉军区,司令员,2603,1979,1,1980,1,
张才千,武汉军区,司令员,2603,1980,1,1982,1,
周世忠,武汉军区,司令员,2603,1982,1,1985,9,
王任重,武汉军区,政治委员,2601,1955,5,1967,3,
谭甫仁,武汉军区,政治委员,2601,1959,12,1963,12,
钟汉华,武汉军区,政治委员,2601,1955,12,1967,7,
刘丰,武汉军区,政治委员,2601,1967,7,1971,11,
刘建勋,武汉军区,政治委员,2601,1969,6,1971,11,
肖思明,武汉军区,政治委员,2601,1971,7,1975,8,
王六生,武汉军区,政治委员,2601,1971,11,1975,8,
张体学,武汉军区,政治委员,2601,1971,11,1973,9,
吴烈,武汉军区,政治委员,2601,1975,4,1975,8,
王平,武汉军区,政治委员,2601,1975,8,1977,9,
赵辛初,武汉军区,政治委员,2601,1975,8,1978,8,
严政,武汉军区,政治委员,2601,1977,9,1985,9,
李成芳,武汉军区,政治委员,2601,1977,12,1985,9,
陈丕显,武汉军区,政治委员,2601,1979,1,1982,8,
叶飞,福州军区,司令员,2703,,,,,
韩先楚,福州军区,司令员,2703,,,,,
皮定均,福州军区,司令员,2703,,,,,
杨成武,福州军区,司令员,2703,1977,9,1983,10,
江拥辉,福州军区,司令员,2703,1983,,1985,,
叶飞,福州军区,政治委员,2701,,,,,
刘培善,福州军区,政治委员,2701,,,,,
杨尚奎,福州军区,政治委员,2701,,,,,
周赤萍,福州军区,政治委员,2701,,,,,
李志民,福州军区,政治委员,2701,,,,,
江渭清,福州军区,政治委员,2701,,,,,
廖志高,福州军区,政治委员,2701,1974,11,1980,8,
傅奎清,福州军区,政治委员,2701,,,,,
耿飚,中央军事委员会,委员,100,1979,,1982,,
许世友,中央军事委员会,委员,100,1979,,1982,,
李达,中央军事委员会,顾问,100,1980,,1988,,
杨勇,中央军事委员会,委员,100,1980,,1982,,
杨尚昆,中央军事委员会,委员,100,1980,,1992,,
王平,中央军事委员会,候补委员,100,1980,,1982,,
韩先楚,中央军事委员会,委员,100,1980,,1982,,
邓小平,中央军事委员会,主席,100,1981,,1989,,
张爱萍,中央军事委员会,委员,100,1982,,1987,,
李聚奎,中央军事委员会,顾问,100,1982,,1987,,
杨得志,中央军事委员会,副书记,100,1982,,1987,,
洪学智,中央军事委员会,副书记,100,1982,,1989,,
余秋里,中央军事委员会,副书记,100,1982,,1987,,
刘华清,中央军事委员会,副书记,100,1987,,1989,,
赵紫阳,中央军事委员会,副主席,100,1987,,1989,,
刘华清,中央军事委员会,副主席,100,1989,,1997,,
杨白冰,中央军事委员会,书记,100,1989,,1992,,
江泽民,中央军事委员会,主席,100,1989,,2004,,
于永波,中央军事委员会,委员,100,1992,,2002,,
傅全有,中央军事委员会,委员,100,1992,,2002,,
张万年,中央军事委员会,委员,100,1992,,1995,,
张震,中央军事委员会,副主席,100,1992,,1997,,
迟浩田,中央军事委员会,委员,100,1992,,1995,,
张万年,中央军事委员会,副主席,100,1995,,2003,,
王克,中央军事委员会,委员,100,1995,,2003,,
王瑞林,中央军事委员会,委员,100,1995,,2003,,
迟浩田,中央军事委员会,副主席,100,1995,,2003,,
曹刚川,中央军事委员会,委员,100,1998,,2002,,
徐才厚,中央军事委员会,委员,100,1999,,2004,,
胡锦涛,中央军事委员会,副主席,100,1999,,2004,,
廖锡龙,中央军事委员会,委员,100,2002,,2012,,
曹刚川,中央军事委员会,副主席,100,2002,,2007,,
李继耐,中央军事委员会,委员,100,2002,,2012,,
梁光烈,中央军事委员会,委员,100,2002,,2012,,
郭伯雄,中央军事委员会,副主席,100,2002,,2012,,
乔清晨,中央军事委员会,委员,100,2004,,2008,,
张定发,中央军事委员会,委员,100,2004,,2006,,
徐才厚,中央军事委员会,副主席,100,2004,,2013,,
胡锦涛,中央军事委员会,主席,100,2004,,2012,,
陈炳德,中央军事委员会,委员,100,2004,,2012,,
靖志远,中央军事委员会,委员,100,2004,,2012,,
吴胜利,中央军事委员会,委员,100,2007,,2017,,
常万全,中央军事委员会,委员,100,2007,,2017,,
许其亮,中央军事委员会,委员,100,2007,,2008,,
习近平,中央军事委员会,副主席,100,2010,,2012,,
习近平,中央军事委员会,主席,100,2012,,2021,,
张又侠,中央军事委员会,委员,100,2012,,2017,,
张阳,中央军事委员会,委员,100,2012,,2017,,
房峰辉,中央军事委员会,委员,100,2012,,2017,,
范长龙,中央军事委员会,副主席,100,2012,,2017,,
许其亮,中央军事委员会,副主席,100,2012,,2021,,
赵克石,中央军事委员会,委员,100,2012,,2017,,
马晓天,中央军事委员会,委员,100,2012,,2017,,
魏凤和,中央军事委员会,委员,100,2012,,2021,,
张升民,中央军事委员会,委员,100,2015,,2021,,
张又侠,中央军事委员会,副主席,100,2017,,2021,,
李作成,中央军事委员会,委员,100,2017,,2021,,
苗华,中央军事委员会,委员,100,2017,,2021,,